--CREATE DATABASE [Sierra0629]

GO
USE [Sierra0629]
GO

--CREATE TABLE--
--Members--
CREATE TABLE [dbo].[Members](
	[MemberId] [int] PRIMARY KEY NOT NULL IDENTITY(1,1),
	[MemberName] [nvarchar](50) NOT NULL,
	[Email] [nvarchar](50) NOT NULL,
	[EncryptedPassword] [nvarchar](200) NOT NULL,
	[Address] [nvarchar](50) NOT NULL,
	[Phone] [varchar](10) NOT NULL,
	[CreateAt] [datetime] DEFAULT (getdate()) NOT NULL,
	[Birth] [datetime]  NOT NULL,
	[Gender] [bit] NOT NULL,
	[ImageName] [nvarchar](255),
	[IsBan] [bit] NOT NULL,
	[CancelTimes] [int] NOT NULL
)
GO
--Permissions--
CREATE TABLE [dbo].[Permissions](
	[PermissionId] [int] PRIMARY KEY NOT NULL IDENTITY(1,1),
	[PermissionName] [nvarchar](50)
)
GO
--Employees--
CREATE TABLE [dbo].[Employees](
	[EmployeeId] [int] PRIMARY KEY NOT NULL IDENTITY(1,1),
	[EmployeeName] [nvarchar](50) NOT NULL,
	[EncryptedPassword] [nvarchar](200) NOT NULL,
	[CreateAt] [datetime] DEFAULT (getdate()) NOT NULL,
	[PermissionId] [int] NOT NULL,
	FOREIGN KEY ([PermissionId]) REFERENCES [dbo].[Permissions] ([PermissionId])
)
GO
--Categories
CREATE TABLE [dbo].[Categories](
	[CategoryId] [int] PRIMARY KEY NOT NULL IDENTITY(1,1),
	[CategoryName] [nvarchar](50) COLLATE Chinese_Taiwan_Stroke_CI_AS NULL
)
GO
--Desserts--
CREATE TABLE [dbo].[Desserts](
	[DessertId] [int] PRIMARY KEY NOT NULL IDENTITY(1,1),
	[DessertName] [nvarchar](50) COLLATE Chinese_Taiwan_Stroke_CI_AS NOT NULL,
	[CategoryId] [int] NOT NULL,
	[UnitPrice] [int] NOT NULL,
	[Description] [nvarchar](200) COLLATE Chinese_Taiwan_Stroke_CI_AS NOT NULL,
	[Status] [bit] NOT NULL,
	[CreateTime] [datetime] DEFAULT (getdate()) NOT NULL,
	FOREIGN KEY ([CategoryId]) REFERENCES [dbo].[Categories] ([CategoryId])
)
GO
--DessertImages--
CREATE TABLE [dbo].[DessertImages](
	[ImageId] [int] PRIMARY KEY NOT NULL IDENTITY(1,1),
	[DessertId] [int] NULL,
	[DessertImageName] [nvarchar](255) COLLATE Chinese_Taiwan_Stroke_CI_AS NULL,
	FOREIGN KEY ([DessertId]) REFERENCES [dbo].[Desserts] ([DessertId])
)
GO
--DessertTags--
CREATE TABLE [dbo].[DessertTags](
	[DessertTagId] [int] PRIMARY KEY NOT NULL IDENTITY(1,1),
	[DessertId] [int] NULL,
	[DessertTagName] [nvarchar](50) COLLATE Chinese_Taiwan_Stroke_CI_AS NOT NULL,
	FOREIGN KEY ([DessertId]) REFERENCES [dbo].[Desserts] ([DessertId])
)
GO
--Specification--
CREATE TABLE [dbo].[Specification](
	[SpecificationId] [int] PRIMARY KEY NOT NULL IDENTITY(1,1),
	[DessertId] [int] NULL,
	[Flavor] [nvarchar](50) COLLATE Chinese_Taiwan_Stroke_CI_AS NULL,
	[Size] [nvarchar](50) COLLATE Chinese_Taiwan_Stroke_CI_AS NULL,
	FOREIGN KEY ([DessertId]) REFERENCES [dbo].[Desserts] ([DessertId])
)
GO
--Teachers--
CREATE TABLE [dbo].[Teachers](
	[TeacherId] [int] PRIMARY KEY NOT NULL IDENTITY(1,1),
	[TeacherName] [nvarchar](20) NOT NULL,
	[TeacherImage] [nvarchar](255) NOT NULL,
	[Specialty] [nvarchar](150) NOT NULL,
	[Experience] [nvarchar](150) NOT NULL,
	[License] [nvarchar](150) NOT NULL,
	[Academic] [nvarchar](150) NOT NULL,
	[TeacherStatus] [bit] NOT NULL
)
GO
--CouponCategories--
CREATE TABLE [dbo].[CouponCategories](
	[CouponCategoryId] [int] PRIMARY KEY NOT NULL IDENTITY(1,1),
	[CouponCategoryName] [nvarchar](50) NOT NULL
)
GO
--DiscountGroups--
CREATE TABLE [dbo].[DiscountGroups](
	[DiscountGroupId] [int] PRIMARY KEY NOT NULL IDENTITY(1,1),
	[DiscountGroupName] [nvarchar](50) NOT NULL
)
GO
--DiscountGroupItems--
CREATE TABLE [dbo].[DiscountGroupItems](
	[DiscountGroupItemId] [int] PRIMARY KEY NOT NULL IDENTITY(1,1),
	[DiscountGroupId] [int] NOT NULL,
	[DessertId] [int] NOT NULL,
	FOREIGN KEY ([DiscountGroupId]) REFERENCES [dbo].[DiscountGroups] ([DiscountGroupId]),
	FOREIGN KEY ([DessertId]) REFERENCES [dbo].[Desserts] ([DessertId])
)
GO
--Coupons--
CREATE TABLE [dbo].[Coupons](
	[CouponId] [int] PRIMARY KEY NOT NULL IDENTITY(1,1),
	[CouponCategoryId] [int] NOT NULL,
	[DiscountGroupId] [int] NULL,
	[CouponName] [nvarchar](50) NOT NULL,
	[CouponCode] [nvarchar](50) UNIQUE NOT NULL,
	[LimitType] [int] NULL,
	[LimitValue] [int] NULL,
	[DiscountType] [int] NOT NULL,
	[DiscountValue] [int] NULL,
	[StartAt] [datetime] NULL,
	[EndAt] [datetime] NULL,
	[Expiration] [int] NULL,
	[CreateAt] [datetime] DEFAULT (getdate()) NOT NULL,
	FOREIGN KEY ([CouponCategoryId]) REFERENCES [dbo].[CouponCategories] ([CouponCategoryId]),
	FOREIGN KEY ([DiscountGroupId]) REFERENCES [dbo].[DiscountGroups] ([DiscountGroupId])
)
GO
--Discounts--
CREATE TABLE [dbo].[Discounts](
	[DiscountId] [int] PRIMARY KEY NOT NULL IDENTITY(1,1),
	[DiscountGroupId] [int] NULL,
	[DiscountName] [nvarchar](50) NOT NULL,
	[LimitType] [int] NULL,
	[LimitValue] [int] NULL,
	[DiscountType] [int] NOT NULL,
	[DiscountValue] [int] NULL,
	[StartAt] [datetime] NOT NULL,
	[EndAt] [datetime] NOT NULL,
	[CreateAt] [datetime] DEFAULT (getdate()) NOT NULL,
	
	FOREIGN KEY ([DiscountGroupId]) REFERENCES [dbo].[DiscountGroups] ([DiscountGroupId])
)
GO
--MemberCoupons--
CREATE TABLE [dbo].[MemberCoupons](
	[MemberCouponId] [int] PRIMARY KEY NOT NULL IDENTITY(1,1),
	[MemberId] [int] NOT NULL,
	[CouponId] [int] NOT NULL,
	[Status] [int] NOT NULL,
	[CreateAt] [datetime] DEFAULT (getdate()) NOT NULL,
	[UseAt] [datetime] NULL,
	[ExpireAt] [datetime] NOT NULL,
	[CouponName] [nvarchar](50) NOT NULL,
	FOREIGN KEY ([CouponId]) REFERENCES [dbo].[Coupons] ([CouponId]),
	FOREIGN KEY ([MemberId]) REFERENCES [dbo].[Members] ([MemberId])
)
GO
--Promotions--
CREATE TABLE [dbo].[Promotions](
	[PromotionId] [int] PRIMARY KEY NOT NULL IDENTITY(1,1),
	[CouponId] [int] NULL,
	[PromotionImage] [nvarchar](255) NOT NULL,
	[PromotionName] [nvarchar](50) NOT NULL,
	[Description] [nvarchar](300) NOT NULL,
	[LaunchAt] [datetime] NOT NULL,
	[StartAt] [datetime] NOT NULL,
	[EndAt] [datetime] NOT NULL,
	[CreateAt] [datetime] DEFAULT (getdate()) NOT NULL,
	FOREIGN KEY ([CouponId]) REFERENCES [dbo].[Coupons] ([CouponId])
)
GO
--LessonCategories--
CREATE TABLE [dbo].[LessonCategories] (
	[LessonCategoryId] [int] PRIMARY KEY NOT NULL IDENTITY(1,1),
	[LessonCategoryName] [nvarchar](20) NOT NULL
);
GO
--Lessons--
CREATE TABLE [dbo].[Lessons] (
	[LessonId] [int] PRIMARY KEY NOT NULL IDENTITY(1,1),
	[LessonCategoryId] [int] NOT NULL,	
	[TeacherId] [int] NOT NULL,
	[LessonTitle] [nvarchar](50) NOT NULL,
	[LessonInfo] [nvarchar](150) NOT NULL,
	[LessonDetail] [nvarchar](300) NOT NULL,
	[LessonDessert] [nvarchar](20) NOT NULL,
	[LessonTime] [datetime] NOT NULL,
	[LessonHours] [int] NOT NULL,
	[MaximumCapacity] [int] NOT NULL,
	[LessonPrice] [int] NOT NULL,
	[LessonStatus] [bit] NOT NULL,
	[CreateTime] [datetime] DEFAULT (getdate()) NOT NULL,
	FOREIGN KEY ([LessonCategoryId]) REFERENCES [dbo].[LessonCategories] ([LessonCategoryId]),
	FOREIGN KEY ([TeacherId]) REFERENCES [dbo].[Teachers] ([TeacherId])
);
GO
--LessonTags--
CREATE TABLE [dbo].[LessonTags] (
	[LessonTagId] [int] PRIMARY KEY NOT NULL IDENTITY(1,1),
	[LessonId] [int] NOT NULL,
	[LessonTagName] [nvarchar](20) NOT NULL,
	FOREIGN KEY ([LessonId]) REFERENCES [dbo].[Lessons] ([LessonId])
);
GO
--LessonImages--
CREATE TABLE [dbo].[LessonImages] (
	[LessonImageId] [int] PRIMARY KEY NOT NULL IDENTITY(1,1),
	[LessonId] [int] NOT NULL,
	[LessonImageName] [nvarchar](255) NOT NULL,
	FOREIGN KEY ([LessonId]) REFERENCES [dbo].[Lessons] ([LessonId])
);
GO
--OrderStatuses--
CREATE TABLE [dbo].[OrderStatuses] (
	[OrderStatusId] [int] PRIMARY KEY NOT NULL IDENTITY(1,1),
	[StatusName] [nvarchar](50) NOT NULL
);
GO
--LessonOrders--
CREATE TABLE [dbo].[LessonOrders] (
	[LessonOrderId] [int] PRIMARY KEY NOT NULL IDENTITY(1,1),
	[MemberId] [int] NOT NULL,
	[LessonOrderStatusId] [int] NOT NULL,
	[CouponId] [int],
	[CreateTime] [datetime] DEFAULT (getdate()) NOT NULL,
	[LessonOrderTotal] [int] NOT NULL,
	[Note] [nvarchar](200),
	[OrderCancellationReason] [nvarchar](200),
	[DiscountInfo] [nvarchar](200),
	FOREIGN KEY ([MemberId]) REFERENCES [dbo].[Members] ([MemberId]),
	FOREIGN KEY ([LessonOrderStatusId]) REFERENCES [dbo].[OrderStatuses] ([OrderStatusId]),
	FOREIGN KEY ([CouponId]) REFERENCES [dbo].[Coupons] ([CouponId])
);
GO
--LessonOrderDetails--
CREATE TABLE [dbo].[LessonOrderDetails](
	[LessonOrderDetailId] [int] PRIMARY KEY NOT NULL IDENTITY(1,1),
	[LessonOrderId] [int] NOT NULL,
	[LessonId] [int] NOT NULL,
	[LessonTitle] [nvarchar](50) NOT NULL,
	[NumberOfPeople] [int] NOT NULL,
	[LessonUnitPrice] [int] NOT NULL,
	[Subtotal] [int] NOT NULL,
	FOREIGN KEY ([LessonOrderId]) REFERENCES [dbo].[LessonOrders] ([LessonOrderId]),
	FOREIGN KEY ([LessonId]) REFERENCES [dbo].[Lessons] ([LessonId])
);
GO
--DessertOrders--
CREATE TABLE [dbo].[DessertOrders] (
	[DessertOrderId] [int] PRIMARY KEY NOT NULL IDENTITY(1,1),
	[MemberId] [int] NOT NULL,
	[DessertOrderStatusId] [int] NOT NULL,
	[CouponId] [int],
	[CreateTime] [datetime] DEFAULT (getdate()) NOT NULL,
	[Recipient] [nvarchar](50) NOT NULL,
	[RecipientPhone] [nvarchar](10) NOT NULL,
	[RecipientAddress] [nvarchar](100) NOT NULL,
	[ShippingFee] [int] NOT NULL,
	[DessertOrderTotal] [int] NOT NULL,
	[DeliveryMethod] [nvarchar](50) NOT NULL,
	[Note] [nvarchar](200),
	[OrderCancellationReason] [nvarchar](200),
	[DiscountInfo] [nvarchar](200),
	FOREIGN KEY ([MemberId]) REFERENCES [dbo].[Members] ([MemberId]),
	FOREIGN KEY ([DessertOrderStatusId]) REFERENCES [dbo].[OrderStatuses] ([OrderStatusId]),
	FOREIGN KEY ([CouponId]) REFERENCES [dbo].[Coupons] ([CouponId])
);
GO
--DessertOrderDetails--
CREATE TABLE [dbo].[DessertOrderDetails] (
	[DessertOrderDetailId] [int] PRIMARY KEY NOT NULL IDENTITY(1,1),
	[DessertOrderId] [int] NOT NULL,
	[DessertId] [int] NOT NULL,
	[DessertName] [nvarchar](50) NOT NULL,
	[Quantity] [int] NOT NULL,
	[DessertUnitPrice] [int] NOT NULL,
	[Subtotal] [int] NOT NULL,
	FOREIGN KEY ([DessertOrderId]) REFERENCES [dbo].[DessertOrders] ([DessertOrderId]),
	FOREIGN KEY ([DessertId]) REFERENCES [dbo].[Desserts] ([DessertId])
);
GO





--INSERT VALUES--
--Members--
SET IDENTITY_INSERT [dbo].[Members] ON
INSERT [dbo].[Members] ([MemberId],[MemberName],[Email],[EncryptedPassword],[Address],[Phone],[CreateAt],[Birth],[Gender],[ImageName],[IsBan],[CancelTimes]) 
VALUES
(1,'Adolf','adolf@gmail.com','8F4A58FD14BDBD1C733FEC3D234E2D838BDF809584CA7586B6B6A3C927A093C4','基隆市海區文化路146號','0928414628','2017-12-14 18:38:28','1980-01-19',0,'image140.jpg','False',0),
(2,'Ebenezer','ebenezer@gmail.com','8F4A58FD14BDBD1C733FEC3D234E2D838BDF809584CA7586B6B6A3C927A093C4','桃園市舊區建國路192號','0944719668','2015-01-02 10:44:00','1999-07-21',0,'image7.jpg','True',5),
(3,'Bradford','bradford@gmail.com','8F4A58FD14BDBD1C733FEC3D234E2D838BDF809584CA7586B6B6A3C927A093C4','花蓮縣東區福建路257號','0914688362','2019-08-13 10:01:06','2000-09-26',1,'image89.jpg','True',5),
(4,'Matt','matt@gmail.com','8F4A58FD14BDBD1C733FEC3D234E2D838BDF809584CA7586B6B6A3C927A093C4','南投縣山區敦化路430號','0957544183','2022-12-27 03:24:20','2003-08-22',0,'image174.jpg','False',0),
(5,'Eugene','eugene@gmail.com','8F4A58FD14BDBD1C733FEC3D234E2D838BDF809584CA7586B6B6A3C927A093C4','嘉義縣新區和平路82號','0904960856','2015-11-14 23:26:23','2016-01-14',1,'image15.jpg','False',3),
(6,'Susan','susan@gmail.com','8F4A58FD14BDBD1C733FEC3D234E2D838BDF809584CA7586B6B6A3C927A093C4','嘉義市山區忠孝路444號','0972064104','2021-05-15 19:32:16','2009-10-09',1,'image190.jpg','False',2),
(7,'Edward','edward@gmail.com','8F4A58FD14BDBD1C733FEC3D234E2D838BDF809584CA7586B6B6A3C927A093C4','台中市舊區信義路274號','0929343350','2013-08-18 05:25:11','2002-10-21',0,'image4.jpg','True',5),
(8,'Norma','norma@gmail.com','8F4A58FD14BDBD1C733FEC3D234E2D838BDF809584CA7586B6B6A3C927A093C4','台南市新區成功路390號','0955493919','2022-10-02 20:03:27','1982-03-31',1,'image134.jpg','False',4),
(9,'Jonathan','jonathan@gmail.com','8F4A58FD14BDBD1C733FEC3D234E2D838BDF809584CA7586B6B6A3C927A093C4','宜蘭縣北區中正路55號','0977385466','2018-04-12 00:26:06','2009-06-26',0,'image89.jpg','False',2),
(10,'Desmond','desmond@gmail.com','8F4A58FD14BDBD1C733FEC3D234E2D838BDF809584CA7586B6B6A3C927A093C4','南投縣中和區敦化路160號','0959282142','2022-06-30 20:51:01','1988-03-31',0,'image90.jpg','False',1),
(11,'Jean','jean@gmail.com','8F4A58FD14BDBD1C733FEC3D234E2D838BDF809584CA7586B6B6A3C927A093C4','雲林縣山區建國路117號','0953433931','2021-12-21 09:04:06','1975-07-20',1,'image14.jpg','False',0),
(12,'Hubert','hubert@gmail.com','8F4A58FD14BDBD1C733FEC3D234E2D838BDF809584CA7586B6B6A3C927A093C4','台中市海區信義路127號','0963639529','2022-06-18 17:14:23','1991-04-12',0,'image14.jpg','False',3),
(13,'Gene','gene@gmail.com','8F4A58FD14BDBD1C733FEC3D234E2D838BDF809584CA7586B6B6A3C927A093C4','雲林縣舊區中山路418號','0975760053','2021-08-15 23:55:55','2016-12-20',1,'image126.jpg','False',3),
(14,'Laura','laura@gmail.com','8F4A58FD14BDBD1C733FEC3D234E2D838BDF809584CA7586B6B6A3C927A093C4','雲林縣北區忠孝路404號','0944233172','2020-03-13 16:07:10','1974-03-13',0,'image22.jpg','False',1),
(15,'Rudolph','rudolph@gmail.com','8F4A58FD14BDBD1C733FEC3D234E2D838BDF809584CA7586B6B6A3C927A093C4','台南市北市區敦化路304號','0906818137','2015-05-18 00:35:38','2001-06-16',0,'image25.jpg','False',4),
(16,'Harriet','harriet@gmail.com','8F4A58FD14BDBD1C733FEC3D234E2D838BDF809584CA7586B6B6A3C927A093C4','嘉義市南市區和平路378號','0966660653','2018-10-02 14:16:59','1992-07-22',0,'image150.jpg','True',5),
(17,'Fred','fred@gmail.com','8F4A58FD14BDBD1C733FEC3D234E2D838BDF809584CA7586B6B6A3C927A093C4','新竹縣北區光復路377號','0967366145','2020-01-26 04:11:05','2010-10-04',1,'image189.jpg','False',4),
(18,'Neddy','neddy@gmail.com','8F4A58FD14BDBD1C733FEC3D234E2D838BDF809584CA7586B6B6A3C927A093C4','宜蘭縣北市區和平路170號','0902961381','2022-05-11 13:02:10','2022-09-14',1,'image170.jpg','False',3),
(19,'Alistair','alistair@gmail.com','8F4A58FD14BDBD1C733FEC3D234E2D838BDF809584CA7586B6B6A3C927A093C4','彰化縣山區光復路479號','0948090577','2019-04-08 17:45:34','1995-04-10',1,'image189.jpg','False',1),
(20,'Laura','laura@gmail.com','8F4A58FD14BDBD1C733FEC3D234E2D838BDF809584CA7586B6B6A3C927A093C4','嘉義縣中正區中正路392號','0916934670','2014-12-05 22:32:41','1973-03-03',1,'image99.jpg','False',3),
(21,'Jessy','jessy@gmail.com','8F4A58FD14BDBD1C733FEC3D234E2D838BDF809584CA7586B6B6A3C927A093C4','高雄市中和區福建路167號','0984456071','2023-04-09 10:47:30','1996-08-29',0,'image137.jpg','False',4),
(22,'Eileen','eileen@gmail.com','8F4A58FD14BDBD1C733FEC3D234E2D838BDF809584CA7586B6B6A3C927A093C4','苗栗縣山區和平路300號','0979631549','2021-03-03 18:51:25','1974-08-21',1,'image193.jpg','False',4),
(23,'Donna','donna@gmail.com','8F4A58FD14BDBD1C733FEC3D234E2D838BDF809584CA7586B6B6A3C927A093C4','嘉義縣中正區中山路211號','0999976984','2018-09-18 22:10:27','1979-09-09',0,'image97.jpg','False',1),
(24,'Richard','richard@gmail.com','8F4A58FD14BDBD1C733FEC3D234E2D838BDF809584CA7586B6B6A3C927A093C4','台東縣北市區中山路94號','0954443394','2020-01-25 23:20:30','2009-09-21',0,'image15.jpg','False',2),
(25,'Marvin','marvin@gmail.com','8F4A58FD14BDBD1C733FEC3D234E2D838BDF809584CA7586B6B6A3C927A093C4','花蓮縣中正區和平路260號','0926633316','2019-03-10 10:26:55','1976-01-04',0,'image145.jpg','False',0),
(26,'Joyce','joyce@gmail.com','8F4A58FD14BDBD1C733FEC3D234E2D838BDF809584CA7586B6B6A3C927A093C4','台北市北區文化路61號','0954647699','2014-07-09 02:03:40','1979-02-17',0,'image36.jpg','False',0),
(27,'Kay','kay@gmail.com','8F4A58FD14BDBD1C733FEC3D234E2D838BDF809584CA7586B6B6A3C927A093C4','雲林縣東區文化路365號','0967782101','2021-12-07 05:42:29','2019-09-27',1,'image186.jpg','False',0),
(28,'Dick','dick@gmail.com','8F4A58FD14BDBD1C733FEC3D234E2D838BDF809584CA7586B6B6A3C927A093C4','台東縣中山區中正路27號','0993605578','2016-06-08 04:13:44','2020-08-04',0,'image29.jpg','False',2),
(29,'Maud','maud@gmail.com','8F4A58FD14BDBD1C733FEC3D234E2D838BDF809584CA7586B6B6A3C927A093C4','屏東縣新區文化路466號','0957727816','2013-07-04 13:02:57','2009-06-29',1,'image158.jpg','False',4),
(30,'Cedric','cedric@gmail.com','8F4A58FD14BDBD1C733FEC3D234E2D838BDF809584CA7586B6B6A3C927A093C4','雲林縣海區光復路478號','0923249773','2013-05-14 12:52:02','1978-05-03',0,'image74.jpg','False',0),
(31,'Edgar','edgar@gmail.com','8F4A58FD14BDBD1C733FEC3D234E2D838BDF809584CA7586B6B6A3C927A093C4','台東縣中和區和平路67號','0940094810','2015-12-05 12:06:45','1990-04-24',0,'image175.jpg','False',4),
(32,'Nina','nina@gmail.com','8F4A58FD14BDBD1C733FEC3D234E2D838BDF809584CA7586B6B6A3C927A093C4','澎湖縣北市區福建路286號','0964865755','2017-08-07 20:14:38','1984-11-08',0,'image6.jpg','False',3),
(33,'Viv','viv@gmail.com','8F4A58FD14BDBD1C733FEC3D234E2D838BDF809584CA7586B6B6A3C927A093C4','台北市東區忠孝路263號','0992334225','2021-10-27 00:09:53','1988-12-12',0,'image49.jpg','True',5),
(34,'Roberta','roberta@gmail.com','8F4A58FD14BDBD1C733FEC3D234E2D838BDF809584CA7586B6B6A3C927A093C4','花蓮縣中正區成功路8號','0951295220','2018-03-01 14:37:06','2007-07-05',1,'image122.jpg','False',1),
(35,'Lisa','lisa@gmail.com','8F4A58FD14BDBD1C733FEC3D234E2D838BDF809584CA7586B6B6A3C927A093C4','澎湖縣新區文化路455號','0964851839','2016-08-21 01:02:44','1990-11-17',1,'image184.jpg','False',0),
(36,'Jan','jan@gmail.com','8F4A58FD14BDBD1C733FEC3D234E2D838BDF809584CA7586B6B6A3C927A093C4','苗栗縣新區中山路287號','0924538852','2019-09-05 18:56:59','1986-10-04',0,'image200.jpg','False',0),
(37,'Suzanne','suzanne@gmail.com','8F4A58FD14BDBD1C733FEC3D234E2D838BDF809584CA7586B6B6A3C927A093C4','澎湖縣北市區建國路356號','0991079594','2021-12-03 19:49:57','2002-07-28',1,'image39.jpg','False',4),
(38,'Hugh','hugh@gmail.com','8F4A58FD14BDBD1C733FEC3D234E2D838BDF809584CA7586B6B6A3C927A093C4','嘉義市東區敦化路279號','0987380454','2018-08-16 15:43:12','1989-04-27',1,'image56.jpg','False',0),
(39,'Lydia','lydia@gmail.com','8F4A58FD14BDBD1C733FEC3D234E2D838BDF809584CA7586B6B6A3C927A093C4','嘉義市南區民生路74號','0965133815','2020-10-15 05:30:32','1992-05-03',1,'image15.jpg','False',2),
(40,'Elizabeth','elizabeth@gmail.com','8F4A58FD14BDBD1C733FEC3D234E2D838BDF809584CA7586B6B6A3C927A093C4','雲林縣中區信義路426號','0913756924','2019-05-19 23:54:31','2007-06-08',0,'image120.jpg','False',1),
(41,'Althea','althea@gmail.com','8F4A58FD14BDBD1C733FEC3D234E2D838BDF809584CA7586B6B6A3C927A093C4','宜蘭縣北區中山路96號','0934818470','2017-07-15 05:45:07','2000-03-18',1,'image55.jpg','False',0),
(42,'Barnaby','barnaby@gmail.com','8F4A58FD14BDBD1C733FEC3D234E2D838BDF809584CA7586B6B6A3C927A093C4','新北市中正區信義路441號','0954472086','2019-10-23 07:44:54','2008-06-07',1,'image90.jpg','False',3),
(43,'Violet','violet@gmail.com','8F4A58FD14BDBD1C733FEC3D234E2D838BDF809584CA7586B6B6A3C927A093C4','台東縣山區中正路321號','0935913256','2018-02-23 17:54:05','1979-05-06',1,'image141.jpg','False',0),
(44,'Lance','lance@gmail.com','8F4A58FD14BDBD1C733FEC3D234E2D838BDF809584CA7586B6B6A3C927A093C4','新竹縣南市區成功路226號','0920268722','2016-01-03 18:44:37','1978-02-27',0,'image124.jpg','False',2),
(45,'Ursula','ursula@gmail.com','8F4A58FD14BDBD1C733FEC3D234E2D838BDF809584CA7586B6B6A3C927A093C4','嘉義市山區敦化路247號','0935749510','2023-03-14 18:12:34','1981-07-30',1,'image136.jpg','False',2),
(46,'Ida','ida@gmail.com','8F4A58FD14BDBD1C733FEC3D234E2D838BDF809584CA7586B6B6A3C927A093C4','新北市山區敦化路83號','0999723611','2021-09-05 23:29:46','1979-05-19',1,'image83.jpg','False',4),
(47,'Aggie','aggie@gmail.com','8F4A58FD14BDBD1C733FEC3D234E2D838BDF809584CA7586B6B6A3C927A093C4','台中市舊區民生路206號','0960452226','2021-04-14 17:01:43','2021-01-02',0,'image182.jpg','False',4),
(48,'Charlotte','charlotte@gmail.com','8F4A58FD14BDBD1C733FEC3D234E2D838BDF809584CA7586B6B6A3C927A093C4','彰化縣中山區建國路94號','0965464612','2020-09-26 16:15:46','1996-07-16',0,'image47.jpg','False',3),
(49,'Ian','ian@gmail.com','8F4A58FD14BDBD1C733FEC3D234E2D838BDF809584CA7586B6B6A3C927A093C4','新竹市海區福建路260號','0936713812','2018-04-13 07:48:34','1992-04-29',0,'image63.jpg','False',2),
(50,'Ray','ray@gmail.com','8F4A58FD14BDBD1C733FEC3D234E2D838BDF809584CA7586B6B6A3C927A093C4','花蓮縣新區文化路138號','0963748740','2017-08-20 18:12:47','2017-01-03',0,'image145.jpg','False',0),
(51,'Charlotte','charlotte@gmail.com','8F4A58FD14BDBD1C733FEC3D234E2D838BDF809584CA7586B6B6A3C927A093C4','桃園市舊區福建路96號','0919166369','2013-02-10 17:46:23','2005-06-18',0,'image27.jpg','False',1),
(52,'Stephanie','stephanie@gmail.com','8F4A58FD14BDBD1C733FEC3D234E2D838BDF809584CA7586B6B6A3C927A093C4','桃園市舊區敦化路309號','0994786226','2014-06-08 16:40:51','1976-06-06',0,'image195.jpg','True',5),
(53,'Tabitha','tabitha@gmail.com','8F4A58FD14BDBD1C733FEC3D234E2D838BDF809584CA7586B6B6A3C927A093C4','屏東縣舊區福建路118號','0914903144','2014-09-24 05:22:15','2010-12-26',0,'image16.jpg','False',0),
(54,'Homer','homer@gmail.com','8F4A58FD14BDBD1C733FEC3D234E2D838BDF809584CA7586B6B6A3C927A093C4','新北市北市區忠孝路495號','0921352950','2021-05-23 11:45:29','2017-02-08',0,'image104.jpg','False',4),
(55,'Rex','rex@gmail.com','8F4A58FD14BDBD1C733FEC3D234E2D838BDF809584CA7586B6B6A3C927A093C4','台東縣南市區和平路230號','0943114002','2023-04-21 21:30:03','2020-10-10',0,'image120.jpg','False',2),
(56,'Joanne','joanne@gmail.com','8F4A58FD14BDBD1C733FEC3D234E2D838BDF809584CA7586B6B6A3C927A093C4','台中市海區中正路480號','0993233634','2016-06-09 05:45:54','1977-07-26',1,'image198.jpg','True',5),
(57,'Terence','terence@gmail.com','8F4A58FD14BDBD1C733FEC3D234E2D838BDF809584CA7586B6B6A3C927A093C4','雲林縣西區民生路30號','0900299739','2016-07-05 16:35:27','2007-12-08',0,'image66.jpg','False',0),
(58,'Brad','brad@gmail.com','8F4A58FD14BDBD1C733FEC3D234E2D838BDF809584CA7586B6B6A3C927A093C4','基隆市中區建國路243號','0958552984','2020-01-30 07:11:43','1989-04-23',1,'image112.jpg','False',4),
(59,'Robert','robert@gmail.com','8F4A58FD14BDBD1C733FEC3D234E2D838BDF809584CA7586B6B6A3C927A093C4','台北市中正區光復路466號','0949949484','2013-12-26 12:28:40','2001-11-30',1,'image55.jpg','False',1),
(60,'Stella','stella@gmail.com','8F4A58FD14BDBD1C733FEC3D234E2D838BDF809584CA7586B6B6A3C927A093C4','台東縣中區敦化路197號','0988133704','2017-01-27 12:17:22','2013-02-10',0,'image119.jpg','False',2),
(61,'Ruth','ruth@gmail.com','8F4A58FD14BDBD1C733FEC3D234E2D838BDF809584CA7586B6B6A3C927A093C4','屏東縣東區民生路12號','0946734663','2017-11-07 21:14:42','2017-01-18',0,'image25.jpg','True',5),
(62,'Ida','ida@gmail.com','8F4A58FD14BDBD1C733FEC3D234E2D838BDF809584CA7586B6B6A3C927A093C4','新竹縣新區光復路223號','0959026393','2020-07-31 07:17:34','2001-03-28',1,'image73.jpg','True',5),
(63,'Pearce','pearce@gmail.com','8F4A58FD14BDBD1C733FEC3D234E2D838BDF809584CA7586B6B6A3C927A093C4','新北市新區忠孝路42號','0915114592','2020-05-11 22:55:21','2022-12-24',1,'image128.jpg','False',4),
(64,'Cora','cora@gmail.com','8F4A58FD14BDBD1C733FEC3D234E2D838BDF809584CA7586B6B6A3C927A093C4','台北市中和區和平路489號','0952661961','2019-12-29 20:12:09','2011-07-25',0,'image169.jpg','False',3),
(65,'Mort','mort@gmail.com','8F4A58FD14BDBD1C733FEC3D234E2D838BDF809584CA7586B6B6A3C927A093C4','連江縣海區民生路200號','0909580642','2020-12-09 07:59:27','1983-10-18',1,'image125.jpg','True',5),
(66,'Patrick','patrick@gmail.com','8F4A58FD14BDBD1C733FEC3D234E2D838BDF809584CA7586B6B6A3C927A093C4','新竹市中正區成功路78號','0954845535','2022-02-09 18:46:43','1982-12-18',0,'image182.jpg','False',3),
(67,'Silvia','silvia@gmail.com','8F4A58FD14BDBD1C733FEC3D234E2D838BDF809584CA7586B6B6A3C927A093C4','台東縣中正區民生路467號','0990530703','2020-03-13 06:33:46','2007-12-10',1,'image10.jpg','False',3),
(68,'Vincent','vincent@gmail.com','8F4A58FD14BDBD1C733FEC3D234E2D838BDF809584CA7586B6B6A3C927A093C4','屏東縣中正區福建路57號','0909986317','2013-05-29 06:01:25','1979-07-11',0,'image145.jpg','False',4),
(69,'Cary','cary@gmail.com','8F4A58FD14BDBD1C733FEC3D234E2D838BDF809584CA7586B6B6A3C927A093C4','新竹縣南區忠孝路459號','0983182629','2019-11-13 23:48:44','2000-08-03',1,'image192.jpg','False',0),
(70,'Viv','viv@gmail.com','8F4A58FD14BDBD1C733FEC3D234E2D838BDF809584CA7586B6B6A3C927A093C4','嘉義縣東區中山路346號','0914256894','2020-08-30 01:49:11','2013-06-14',0,'image133.jpg','False',4),
(71,'Bradford','bradford@gmail.com','8F4A58FD14BDBD1C733FEC3D234E2D838BDF809584CA7586B6B6A3C927A093C4','桃園市北市區中正路254號','0992993232','2022-10-01 17:33:21','1985-03-21',1,'image32.jpg','False',2),
(72,'Silvia','silvia@gmail.com','8F4A58FD14BDBD1C733FEC3D234E2D838BDF809584CA7586B6B6A3C927A093C4','基隆市東區和平路296號','0935943697','2017-09-24 03:18:18','2017-09-18',1,'image125.jpg','False',2),
(73,'Ada','ada@gmail.com','8F4A58FD14BDBD1C733FEC3D234E2D838BDF809584CA7586B6B6A3C927A093C4','台南市南區民生路358號','0975155411','2020-10-20 09:33:21','1997-05-02',0,'image193.jpg','False',3),
(74,'Marilyn','marilyn@gmail.com','8F4A58FD14BDBD1C733FEC3D234E2D838BDF809584CA7586B6B6A3C927A093C4','宜蘭縣中正區信義路246號','0917107187','2016-05-22 04:40:20','1974-05-27',1,'image85.jpg','False',4),
(75,'George','george@gmail.com','8F4A58FD14BDBD1C733FEC3D234E2D838BDF809584CA7586B6B6A3C927A093C4','台中市東區建國路384號','0904063559','2016-11-26 16:28:11','1986-01-24',0,'image162.jpg','False',0),
(76,'Prudence','prudence@gmail.com','8F4A58FD14BDBD1C733FEC3D234E2D838BDF809584CA7586B6B6A3C927A093C4','台東縣山區和平路22號','0901712654','2013-04-20 18:14:16','1979-07-24',0,'image129.jpg','False',4),
(77,'Thea','thea@gmail.com','8F4A58FD14BDBD1C733FEC3D234E2D838BDF809584CA7586B6B6A3C927A093C4','嘉義縣中和區光復路480號','0970600667','2022-06-11 13:03:47','1996-04-12',1,'image114.jpg','False',4),
(78,'Bob','bob@gmail.com','8F4A58FD14BDBD1C733FEC3D234E2D838BDF809584CA7586B6B6A3C927A093C4','南投縣舊區信義路209號','0941838914','2017-08-16 11:13:50','1973-06-16',1,'image60.jpg','False',4),
(79,'Doug','doug@gmail.com','8F4A58FD14BDBD1C733FEC3D234E2D838BDF809584CA7586B6B6A3C927A093C4','澎湖縣中山區文化路413號','0943743542','2014-07-16 04:17:18','1991-09-26',1,'image78.jpg','False',1),
(80,'Valerie','valerie@gmail.com','8F4A58FD14BDBD1C733FEC3D234E2D838BDF809584CA7586B6B6A3C927A093C4','台南市中正區建國路28號','0924339902','2015-11-10 09:24:26','1990-01-17',0,'image5.jpg','False',0),
(81,'Warren','warren@gmail.com','8F4A58FD14BDBD1C733FEC3D234E2D838BDF809584CA7586B6B6A3C927A093C4','新北市北區忠孝路24號','0913276628','2016-11-23 09:49:05','1995-03-25',0,'image41.jpg','False',0),
(82,'Ellie','ellie@gmail.com','8F4A58FD14BDBD1C733FEC3D234E2D838BDF809584CA7586B6B6A3C927A093C4','台南市海區民生路116號','0928744366','2022-03-07 05:18:21','1990-03-21',1,'image174.jpg','False',1),
(83,'Anthea','anthea@gmail.com','8F4A58FD14BDBD1C733FEC3D234E2D838BDF809584CA7586B6B6A3C927A093C4','嘉義縣中正區文化路106號','0949849101','2015-04-15 13:46:04','2017-01-16',0,'image10.jpg','True',5),
(84,'Padraic','padraic@gmail.com','8F4A58FD14BDBD1C733FEC3D234E2D838BDF809584CA7586B6B6A3C927A093C4','新竹縣南區信義路478號','0927675690','2018-08-19 12:42:29','2022-01-31',1,'image55.jpg','False',2),
(85,'Olga','olga@gmail.com','8F4A58FD14BDBD1C733FEC3D234E2D838BDF809584CA7586B6B6A3C927A093C4','台北市北市區建國路301號','0958701132','2017-03-06 19:18:35','1993-09-19',0,'image3.jpg','False',3),
(86,'Walter','walter@gmail.com','8F4A58FD14BDBD1C733FEC3D234E2D838BDF809584CA7586B6B6A3C927A093C4','連江縣南市區文化路118號','0942950856','2019-09-25 05:52:26','1997-02-16',0,'image131.jpg','False',1),
(87,'Errol','errol@gmail.com','8F4A58FD14BDBD1C733FEC3D234E2D838BDF809584CA7586B6B6A3C927A093C4','新北市北區信義路20號','0927132358','2022-10-31 07:07:40','2009-02-16',0,'image180.jpg','True',5),
(88,'Erica','erica@gmail.com','8F4A58FD14BDBD1C733FEC3D234E2D838BDF809584CA7586B6B6A3C927A093C4','南投縣西區福建路88號','0962123711','2018-08-17 04:00:44','2003-04-11',1,'image78.jpg','True',5),
(89,'Tony','tony@gmail.com','8F4A58FD14BDBD1C733FEC3D234E2D838BDF809584CA7586B6B6A3C927A093C4','宜蘭縣北市區和平路193號','0960161768','2022-09-19 02:09:53','2020-04-13',0,'image71.jpg','False',0),
(90,'Daniel','daniel@gmail.com','8F4A58FD14BDBD1C733FEC3D234E2D838BDF809584CA7586B6B6A3C927A093C4','屏東縣南市區敦化路413號','0960244036','2018-06-13 20:35:03','2012-04-17',1,'image166.jpg','False',3),
(91,'Isaac','isaac@gmail.com','8F4A58FD14BDBD1C733FEC3D234E2D838BDF809584CA7586B6B6A3C927A093C4','宜蘭縣西區民生路26號','0952655745','2020-08-19 10:53:45','2000-02-06',1,'image60.jpg','False',3),
(92,'Monroe','monroe@gmail.com','8F4A58FD14BDBD1C733FEC3D234E2D838BDF809584CA7586B6B6A3C927A093C4','雲林縣西區福建路341號','0975346038','2020-06-14 02:03:39','2005-03-13',1,'image183.jpg','False',2),
(93,'Sean','sean@gmail.com','8F4A58FD14BDBD1C733FEC3D234E2D838BDF809584CA7586B6B6A3C927A093C4','台北市南市區建國路247號','0990753653','2021-06-02 14:15:07','2017-03-05',0,'image81.jpg','False',3),
(94,'Felicity','felicity@gmail.com','8F4A58FD14BDBD1C733FEC3D234E2D838BDF809584CA7586B6B6A3C927A093C4','南投縣北區文化路222號','0980941938','2015-05-20 22:10:55','2015-03-02',0,'image59.jpg','False',4),
(95,'Hamilton','hamilton@gmail.com','8F4A58FD14BDBD1C733FEC3D234E2D838BDF809584CA7586B6B6A3C927A093C4','屏東縣中區和平路142號','0942495698','2015-09-15 00:42:14','2021-01-03',1,'image182.jpg','True',5),
(96,'Martha','martha@gmail.com','8F4A58FD14BDBD1C733FEC3D234E2D838BDF809584CA7586B6B6A3C927A093C4','屏東縣新區和平路248號','0980354511','2021-08-26 05:01:57','2014-05-17',0,'image4.jpg','False',3),
(97,'Lew','lew@gmail.com','8F4A58FD14BDBD1C733FEC3D234E2D838BDF809584CA7586B6B6A3C927A093C4','新竹縣北市區敦化路204號','0968888935','2022-12-27 22:06:26','2018-06-21',0,'image8.jpg','False',4),
(98,'Pru','pru@gmail.com','8F4A58FD14BDBD1C733FEC3D234E2D838BDF809584CA7586B6B6A3C927A093C4','新竹市中正區福建路75號','0957886199','2023-05-16 22:29:53','1976-11-29',1,'image136.jpg','False',2),
(99,'Sinclair','sinclair@gmail.com','8F4A58FD14BDBD1C733FEC3D234E2D838BDF809584CA7586B6B6A3C927A093C4','屏東縣南區和平路410號','0902246632','2021-02-16 17:40:40','1983-05-31',1,'image153.jpg','True',5),
(100,'Nadine','nadine@gmail.com','8F4A58FD14BDBD1C733FEC3D234E2D838BDF809584CA7586B6B6A3C927A093C4','南投縣新區民生路342號','0937898317','2015-05-29 07:36:30','2008-07-09',1,'image190.jpg','False',3),
(101,'Owen','owen@gmail.com','8F4A58FD14BDBD1C733FEC3D234E2D838BDF809584CA7586B6B6A3C927A093C4','新北市南區民生路408號','0978029717','2013-09-12 06:37:30','2013-11-02',1,'image62.jpg','False',1),
(102,'Mervyn','mervyn@gmail.com','8F4A58FD14BDBD1C733FEC3D234E2D838BDF809584CA7586B6B6A3C927A093C4','基隆市新區敦化路262號','0972330132','2020-03-11 07:42:47','2016-10-24',1,'image171.jpg','False',2),
(103,'Patricia','patricia@gmail.com','8F4A58FD14BDBD1C733FEC3D234E2D838BDF809584CA7586B6B6A3C927A093C4','金門縣東區敦化路203號','0930216112','2015-10-31 19:02:44','1989-05-12',1,'image153.jpg','False',1),
(104,'Robert','robert@gmail.com','8F4A58FD14BDBD1C733FEC3D234E2D838BDF809584CA7586B6B6A3C927A093C4','新竹市舊區光復路441號','0975648301','2018-09-07 01:08:43','2016-03-02',1,'image177.jpg','False',3),
(105,'Carl','carl@gmail.com','8F4A58FD14BDBD1C733FEC3D234E2D838BDF809584CA7586B6B6A3C927A093C4','台東縣北區中正路353號','0948687068','2016-04-26 23:17:41','2014-01-11',1,'image152.jpg','True',5),
(106,'Donald','donald@gmail.com','8F4A58FD14BDBD1C733FEC3D234E2D838BDF809584CA7586B6B6A3C927A093C4','高雄市中和區中山路62號','0974707826','2022-01-18 13:54:43','1993-11-04',0,'image128.jpg','True',5),
(107,'Theobald','theobald@gmail.com','8F4A58FD14BDBD1C733FEC3D234E2D838BDF809584CA7586B6B6A3C927A093C4','花蓮縣舊區民生路371號','0976319696','2017-01-16 11:22:05','1982-08-15',1,'image169.jpg','False',2),
(108,'Agnes','agnes@gmail.com','8F4A58FD14BDBD1C733FEC3D234E2D838BDF809584CA7586B6B6A3C927A093C4','新北市南市區敦化路24號','0931810382','2023-03-11 13:52:06','1983-01-24',1,'image168.jpg','False',3),
(109,'Hank','hank@gmail.com','8F4A58FD14BDBD1C733FEC3D234E2D838BDF809584CA7586B6B6A3C927A093C4','嘉義市海區中山路434號','0937966204','2021-07-03 16:25:23','2007-01-28',1,'image88.jpg','True',5),
(110,'Joe','joe@gmail.com','8F4A58FD14BDBD1C733FEC3D234E2D838BDF809584CA7586B6B6A3C927A093C4','新竹縣海區敦化路176號','0958544441','2020-06-24 19:54:04','1996-01-05',0,'image68.jpg','False',2),
(111,'Ian','ian@gmail.com','8F4A58FD14BDBD1C733FEC3D234E2D838BDF809584CA7586B6B6A3C927A093C4','台中市舊區信義路336號','0937362382','2021-06-29 13:43:55','2012-12-27',1,'image12.jpg','True',5),
(112,'Mildred','mildred@gmail.com','8F4A58FD14BDBD1C733FEC3D234E2D838BDF809584CA7586B6B6A3C927A093C4','嘉義市北市區光復路92號','0993179870','2014-10-08 04:34:34','1992-11-09',0,'image194.jpg','False',4),
(113,'Christopher','christopher@gmail.com','8F4A58FD14BDBD1C733FEC3D234E2D838BDF809584CA7586B6B6A3C927A093C4','連江縣東區敦化路87號','0960537578','2021-10-25 00:55:46','2006-12-05',1,'image106.jpg','False',3),
(114,'Terry','terry@gmail.com','8F4A58FD14BDBD1C733FEC3D234E2D838BDF809584CA7586B6B6A3C927A093C4','桃園市中山區光復路239號','0911858122','2015-04-22 11:53:37','2010-12-16',1,'image149.jpg','False',2),
(115,'Seamas','seamas@gmail.com','8F4A58FD14BDBD1C733FEC3D234E2D838BDF809584CA7586B6B6A3C927A093C4','高雄市北市區建國路93號','0902252781','2013-08-05 07:28:10','1978-07-18',1,'image106.jpg','False',2),
(116,'Lucia','lucia@gmail.com','8F4A58FD14BDBD1C733FEC3D234E2D838BDF809584CA7586B6B6A3C927A093C4','澎湖縣南市區信義路493號','0985578439','2013-01-26 13:02:54','1984-01-21',1,'image43.jpg','False',2),
(117,'Adrian','adrian@gmail.com','8F4A58FD14BDBD1C733FEC3D234E2D838BDF809584CA7586B6B6A3C927A093C4','雲林縣中區民生路336號','0941252305','2013-01-08 16:39:13','1980-10-17',1,'image175.jpg','False',1),
(118,'Cleo','cleo@gmail.com','8F4A58FD14BDBD1C733FEC3D234E2D838BDF809584CA7586B6B6A3C927A093C4','嘉義市中區光復路201號','0968389731','2019-04-06 12:09:20','1994-07-14',1,'image77.jpg','False',3),
(119,'Abe','abe@gmail.com','8F4A58FD14BDBD1C733FEC3D234E2D838BDF809584CA7586B6B6A3C927A093C4','嘉義縣西區建國路329號','0982520000','2022-11-05 03:16:13','1990-05-30',0,'image196.jpg','True',5),
(120,'Yvonne','yvonne@gmail.com','8F4A58FD14BDBD1C733FEC3D234E2D838BDF809584CA7586B6B6A3C927A093C4','新竹縣北市區民生路83號','0920524642','2019-12-16 06:55:43','1997-05-13',1,'image149.jpg','False',1),
(121,'Lou','lou@gmail.com','8F4A58FD14BDBD1C733FEC3D234E2D838BDF809584CA7586B6B6A3C927A093C4','嘉義縣北市區忠孝路151號','0900163894','2018-04-29 01:51:00','1998-12-16',0,'image173.jpg','False',3),
(122,'Harriet','harriet@gmail.com','8F4A58FD14BDBD1C733FEC3D234E2D838BDF809584CA7586B6B6A3C927A093C4','新竹市山區和平路273號','0907604244','2017-06-04 20:45:15','1975-07-05',1,'image84.jpg','False',2),
(123,'Juliet','juliet@gmail.com','8F4A58FD14BDBD1C733FEC3D234E2D838BDF809584CA7586B6B6A3C927A093C4','嘉義縣中正區中正路443號','0936651411','2022-02-20 00:30:33','2005-11-16',0,'image20.jpg','True',5),
(124,'Joshua','joshua@gmail.com','8F4A58FD14BDBD1C733FEC3D234E2D838BDF809584CA7586B6B6A3C927A093C4','屏東縣山區敦化路153號','0986944668','2021-12-01 21:38:07','2020-07-04',1,'image147.jpg','False',1),
(125,'Vera','vera@gmail.com','8F4A58FD14BDBD1C733FEC3D234E2D838BDF809584CA7586B6B6A3C927A093C4','新竹縣舊區福建路128號','0935758280','2013-10-14 19:56:55','1980-04-13',1,'image112.jpg','False',0),
(126,'Fran','fran@gmail.com','8F4A58FD14BDBD1C733FEC3D234E2D838BDF809584CA7586B6B6A3C927A093C4','花蓮縣海區中山路110號','0901259468','2013-04-30 12:07:36','2020-09-07',1,'image40.jpg','False',4),
(127,'Gloria','gloria@gmail.com','8F4A58FD14BDBD1C733FEC3D234E2D838BDF809584CA7586B6B6A3C927A093C4','嘉義市中山區福建路430號','0982177601','2019-07-29 17:15:36','1987-09-12',1,'image54.jpg','False',4),
(128,'Troy','troy@gmail.com','8F4A58FD14BDBD1C733FEC3D234E2D838BDF809584CA7586B6B6A3C927A093C4','宜蘭縣海區光復路249號','0934479698','2013-09-06 23:38:26','1998-11-01',1,'image191.jpg','False',3),
(129,'Virginia','virginia@gmail.com','8F4A58FD14BDBD1C733FEC3D234E2D838BDF809584CA7586B6B6A3C927A093C4','金門縣北市區建國路132號','0926058916','2017-07-03 21:12:09','1992-01-04',1,'image133.jpg','False',4),
(130,'Livia','livia@gmail.com','8F4A58FD14BDBD1C733FEC3D234E2D838BDF809584CA7586B6B6A3C927A093C4','新北市南市區中正路375號','0938210298','2015-11-25 10:49:29','2019-03-26',1,'image151.jpg','False',0),
(131,'Madge','madge@gmail.com','8F4A58FD14BDBD1C733FEC3D234E2D838BDF809584CA7586B6B6A3C927A093C4','南投縣海區建國路318號','0918330747','2018-01-24 00:32:22','2016-01-26',0,'image73.jpg','False',0),
(132,'Norma','norma@gmail.com','8F4A58FD14BDBD1C733FEC3D234E2D838BDF809584CA7586B6B6A3C927A093C4','雲林縣舊區文化路373號','0906673975','2020-02-01 03:16:03','1985-04-03',0,'image179.jpg','False',1),
(133,'Albin','albin@gmail.com','8F4A58FD14BDBD1C733FEC3D234E2D838BDF809584CA7586B6B6A3C927A093C4','苗栗縣中和區福建路61號','0929885466','2022-11-11 04:09:00','1990-04-08',0,'image146.jpg','False',1),
(134,'Cliff','cliff@gmail.com','8F4A58FD14BDBD1C733FEC3D234E2D838BDF809584CA7586B6B6A3C927A093C4','嘉義市中山區民生路327號','0943152388','2014-07-05 02:49:25','1975-02-04',0,'image196.jpg','False',3),
(135,'Charlie','charlie@gmail.com','8F4A58FD14BDBD1C733FEC3D234E2D838BDF809584CA7586B6B6A3C927A093C4','嘉義縣新區建國路31號','0996740736','2022-10-28 20:46:33','1998-08-02',1,'image74.jpg','False',2),
(136,'Clint','clint@gmail.com','8F4A58FD14BDBD1C733FEC3D234E2D838BDF809584CA7586B6B6A3C927A093C4','屏東縣中和區信義路207號','0955116816','2014-12-01 19:51:16','1994-11-18',0,'image17.jpg','False',1),
(137,'Audrey','audrey@gmail.com','8F4A58FD14BDBD1C733FEC3D234E2D838BDF809584CA7586B6B6A3C927A093C4','嘉義縣中山區建國路60號','0955890200','2014-03-12 17:57:54','1976-08-13',0,'image52.jpg','True',5),
(138,'Tom','tom@gmail.com','8F4A58FD14BDBD1C733FEC3D234E2D838BDF809584CA7586B6B6A3C927A093C4','嘉義縣中山區光復路251號','0912605824','2020-06-03 08:11:44','1985-05-31',1,'image60.jpg','False',0),
(139,'Nathan','nathan@gmail.com','8F4A58FD14BDBD1C733FEC3D234E2D838BDF809584CA7586B6B6A3C927A093C4','高雄市南區福建路290號','0937226724','2019-11-14 14:22:50','1981-10-23',0,'image169.jpg','False',3),
(140,'Kim','kim@gmail.com','8F4A58FD14BDBD1C733FEC3D234E2D838BDF809584CA7586B6B6A3C927A093C4','南投縣中山區中正路205號','0997822286','2021-05-09 18:53:10','2006-07-27',1,'image154.jpg','False',2),
(141,'Theodoric','theodoric@gmail.com','8F4A58FD14BDBD1C733FEC3D234E2D838BDF809584CA7586B6B6A3C927A093C4','新竹市中和區信義路327號','0954935231','2014-10-16 08:39:36','1999-09-07',0,'image39.jpg','False',4),
(142,'Eugene','eugene@gmail.com','8F4A58FD14BDBD1C733FEC3D234E2D838BDF809584CA7586B6B6A3C927A093C4','台東縣東區建國路281號','0997030045','2014-12-27 22:49:41','1995-09-20',1,'image171.jpg','False',3),
(143,'Doris','doris@gmail.com','8F4A58FD14BDBD1C733FEC3D234E2D838BDF809584CA7586B6B6A3C927A093C4','連江縣山區成功路309號','0951316767','2015-05-28 01:33:48','1987-01-12',0,'image51.jpg','False',1),
(144,'Baldwin','baldwin@gmail.com','8F4A58FD14BDBD1C733FEC3D234E2D838BDF809584CA7586B6B6A3C927A093C4','嘉義縣山區忠孝路254號','0935446280','2017-02-02 13:04:40','2019-09-16',1,'image32.jpg','False',1),
(145,'Carrie','carrie@gmail.com','8F4A58FD14BDBD1C733FEC3D234E2D838BDF809584CA7586B6B6A3C927A093C4','澎湖縣新區福建路457號','0987207731','2020-01-02 04:23:24','2001-01-26',1,'image142.jpg','False',4),
(146,'Catherine','catherine@gmail.com','8F4A58FD14BDBD1C733FEC3D234E2D838BDF809584CA7586B6B6A3C927A093C4','澎湖縣南市區忠孝路109號','0942554459','2022-09-12 05:42:38','2010-07-27',1,'image156.jpg','True',5),
(147,'Ken','ken@gmail.com','8F4A58FD14BDBD1C733FEC3D234E2D838BDF809584CA7586B6B6A3C927A093C4','花蓮縣南區福建路471號','0916184384','2018-07-18 21:57:32','2016-05-05',1,'image98.jpg','False',0),
(148,'Freddie','freddie@gmail.com','8F4A58FD14BDBD1C733FEC3D234E2D838BDF809584CA7586B6B6A3C927A093C4','澎湖縣山區和平路464號','0967255987','2022-05-29 21:27:47','1988-10-21',1,'image72.jpg','False',4),
(149,'Philippa','philippa@gmail.com','8F4A58FD14BDBD1C733FEC3D234E2D838BDF809584CA7586B6B6A3C927A093C4','台南市中區民生路350號','0912178919','2019-10-21 07:20:24','1990-02-03',0,'image131.jpg','False',0),
(150,'Carmen','carmen@gmail.com','8F4A58FD14BDBD1C733FEC3D234E2D838BDF809584CA7586B6B6A3C927A093C4','台中市海區敦化路70號','0900979149','2017-12-26 22:00:42','1996-01-14',0,'image63.jpg','False',2),
(151,'Louis','louis@gmail.com','8F4A58FD14BDBD1C733FEC3D234E2D838BDF809584CA7586B6B6A3C927A093C4','雲林縣南市區忠孝路192號','0971932382','2014-02-08 17:17:23','2015-07-09',0,'image177.jpg','False',4),
(152,'Charles','charles@gmail.com','8F4A58FD14BDBD1C733FEC3D234E2D838BDF809584CA7586B6B6A3C927A093C4','嘉義市西區信義路339號','0982508952','2022-06-17 19:22:39','2019-10-15',1,'image176.jpg','False',0),
(153,'Rodge','rodge@gmail.com','8F4A58FD14BDBD1C733FEC3D234E2D838BDF809584CA7586B6B6A3C927A093C4','宜蘭縣中正區光復路40號','0978861665','2014-06-27 15:41:09','2001-04-03',1,'image196.jpg','False',2),
(154,'Oswald','oswald@gmail.com','8F4A58FD14BDBD1C733FEC3D234E2D838BDF809584CA7586B6B6A3C927A093C4','澎湖縣中區信義路354號','0994094976','2020-11-30 08:37:38','1995-08-21',0,'image87.jpg','False',3),
(155,'Sam','sam@gmail.com','8F4A58FD14BDBD1C733FEC3D234E2D838BDF809584CA7586B6B6A3C927A093C4','嘉義縣山區文化路261號','0955593462','2014-05-21 03:30:25','2002-11-23',1,'image191.jpg','False',2),
(156,'Gerry','gerry@gmail.com','8F4A58FD14BDBD1C733FEC3D234E2D838BDF809584CA7586B6B6A3C927A093C4','新竹市中和區中正路412號','0945876078','2018-03-03 17:52:23','1981-08-01',0,'image62.jpg','False',4),
(157,'Georgia','georgia@gmail.com','8F4A58FD14BDBD1C733FEC3D234E2D838BDF809584CA7586B6B6A3C927A093C4','金門縣中山區成功路31號','0942171586','2019-06-18 23:42:18','2016-01-07',0,'image18.jpg','True',5),
(158,'Percy','percy@gmail.com','8F4A58FD14BDBD1C733FEC3D234E2D838BDF809584CA7586B6B6A3C927A093C4','金門縣北區中山路168號','0999167573','2018-01-31 00:10:51','2015-07-30',0,'image150.jpg','False',3),
(159,'Maisie','maisie@gmail.com','8F4A58FD14BDBD1C733FEC3D234E2D838BDF809584CA7586B6B6A3C927A093C4','台北市舊區建國路234號','0983784032','2021-12-05 23:59:05','1996-05-23',1,'image89.jpg','False',0),
(160,'Patricia','patricia@gmail.com','8F4A58FD14BDBD1C733FEC3D234E2D838BDF809584CA7586B6B6A3C927A093C4','苗栗縣南區信義路103號','0970788194','2021-08-11 18:02:40','1995-02-24',1,'image125.jpg','False',2),
(161,'Adrian','adrian@gmail.com','8F4A58FD14BDBD1C733FEC3D234E2D838BDF809584CA7586B6B6A3C927A093C4','新竹縣南區光復路226號','0918906272','2016-08-01 22:21:53','1980-04-16',0,'image168.jpg','False',1),
(162,'Tabitha','tabitha@gmail.com','8F4A58FD14BDBD1C733FEC3D234E2D838BDF809584CA7586B6B6A3C927A093C4','屏東縣新區中正路53號','0944579469','2020-04-29 22:17:19','1975-08-17',1,'image46.jpg','False',2),
(163,'Isaac','isaac@gmail.com','8F4A58FD14BDBD1C733FEC3D234E2D838BDF809584CA7586B6B6A3C927A093C4','雲林縣南市區中正路271號','0980593378','2015-08-08 05:30:54','1988-09-12',0,'image46.jpg','False',2),
(164,'Dolly','dolly@gmail.com','8F4A58FD14BDBD1C733FEC3D234E2D838BDF809584CA7586B6B6A3C927A093C4','台東縣南區中正路157號','0962999394','2021-09-30 02:57:24','1986-02-10',1,'image7.jpg','False',0),
(165,'Christian','christian@gmail.com','8F4A58FD14BDBD1C733FEC3D234E2D838BDF809584CA7586B6B6A3C927A093C4','苗栗縣北區文化路81號','0924909169','2020-01-15 05:30:36','1991-11-19',0,'image22.jpg','False',0),
(166,'Raphael','raphael@gmail.com','8F4A58FD14BDBD1C733FEC3D234E2D838BDF809584CA7586B6B6A3C927A093C4','嘉義縣南區文化路298號','0901157057','2013-01-30 06:49:06','1981-07-24',1,'image128.jpg','False',4),
(167,'Diana','diana@gmail.com','8F4A58FD14BDBD1C733FEC3D234E2D838BDF809584CA7586B6B6A3C927A093C4','新北市北市區忠孝路402號','0935486087','2022-02-04 10:22:30','1973-04-03',1,'image120.jpg','False',2),
(168,'Freddie','freddie@gmail.com','8F4A58FD14BDBD1C733FEC3D234E2D838BDF809584CA7586B6B6A3C927A093C4','嘉義縣中山區忠孝路421號','0916211234','2018-03-11 00:23:34','1981-05-05',1,'image155.jpg','False',4),
(169,'Ivor','ivor@gmail.com','8F4A58FD14BDBD1C733FEC3D234E2D838BDF809584CA7586B6B6A3C927A093C4','新竹縣西區成功路160號','0979691283','2015-06-20 02:54:50','1977-03-10',0,'image182.jpg','False',3),
(170,'Karl','karl@gmail.com','8F4A58FD14BDBD1C733FEC3D234E2D838BDF809584CA7586B6B6A3C927A093C4','澎湖縣中和區文化路455號','0997098140','2020-09-09 04:00:33','1980-04-10',0,'image67.jpg','False',0),
(171,'Henrietta','henrietta@gmail.com','8F4A58FD14BDBD1C733FEC3D234E2D838BDF809584CA7586B6B6A3C927A093C4','台中市南區忠孝路327號','0989112097','2022-11-02 17:57:33','2015-07-12',1,'image130.jpg','False',0),
(172,'Moira','moira@gmail.com','8F4A58FD14BDBD1C733FEC3D234E2D838BDF809584CA7586B6B6A3C927A093C4','台中市北市區中山路486號','0991918880','2015-07-29 04:05:31','1975-12-23',0,'image192.jpg','True',5),
(173,'Millicent','millicent@gmail.com','8F4A58FD14BDBD1C733FEC3D234E2D838BDF809584CA7586B6B6A3C927A093C4','苗栗縣山區忠孝路114號','0918766380','2022-10-07 06:42:04','1984-11-15',0,'image65.jpg','False',2),
(174,'Lewis','lewis@gmail.com','8F4A58FD14BDBD1C733FEC3D234E2D838BDF809584CA7586B6B6A3C927A093C4','新竹縣中和區文化路105號','0947508345','2018-05-20 13:46:49','1992-05-17',1,'image131.jpg','False',1),
(175,'Dominic','dominic@gmail.com','8F4A58FD14BDBD1C733FEC3D234E2D838BDF809584CA7586B6B6A3C927A093C4','苗栗縣海區敦化路368號','0981876310','2013-08-17 08:32:46','1987-07-17',0,'image120.jpg','False',3),
(176,'Ferdinand','ferdinand@gmail.com','8F4A58FD14BDBD1C733FEC3D234E2D838BDF809584CA7586B6B6A3C927A093C4','台北市北區建國路139號','0955730490','2022-11-05 16:34:41','2011-10-06',0,'image80.jpg','False',2),
(177,'Jennifer','jennifer@gmail.com','8F4A58FD14BDBD1C733FEC3D234E2D838BDF809584CA7586B6B6A3C927A093C4','花蓮縣南區光復路99號','0917965598','2022-03-25 03:14:00','1979-02-18',1,'image125.jpg','False',3),
(178,'Mervyn','mervyn@gmail.com','8F4A58FD14BDBD1C733FEC3D234E2D838BDF809584CA7586B6B6A3C927A093C4','連江縣北市區建國路133號','0945105995','2018-11-13 19:29:29','2004-04-27',0,'image98.jpg','False',2),
(179,'Aileen','aileen@gmail.com','8F4A58FD14BDBD1C733FEC3D234E2D838BDF809584CA7586B6B6A3C927A093C4','連江縣北區成功路106號','0967646508','2016-05-10 03:20:49','2021-08-26',1,'image56.jpg','False',2),
(180,'Warren','warren@gmail.com','8F4A58FD14BDBD1C733FEC3D234E2D838BDF809584CA7586B6B6A3C927A093C4','南投縣北市區福建路34號','0945489088','2017-07-04 20:47:11','2017-01-05',0,'image143.jpg','True',5),
(181,'Trudie','trudie@gmail.com','8F4A58FD14BDBD1C733FEC3D234E2D838BDF809584CA7586B6B6A3C927A093C4','嘉義縣山區忠孝路394號','0990653259','2015-07-17 08:07:41','2016-09-07',1,'image61.jpg','False',4),
(182,'Felicity','felicity@gmail.com','8F4A58FD14BDBD1C733FEC3D234E2D838BDF809584CA7586B6B6A3C927A093C4','嘉義縣中正區成功路46號','0929275512','2018-04-05 05:10:00','2001-04-25',0,'image148.jpg','False',1),
(183,'Evadne','evadne@gmail.com','8F4A58FD14BDBD1C733FEC3D234E2D838BDF809584CA7586B6B6A3C927A093C4','基隆市南市區敦化路314號','0983498690','2022-07-20 23:50:10','2000-05-07',0,'image184.jpg','False',3),
(184,'Willy','willy@gmail.com','8F4A58FD14BDBD1C733FEC3D234E2D838BDF809584CA7586B6B6A3C927A093C4','嘉義市中區忠孝路195號','0982758046','2018-01-06 13:17:22','2012-05-29',1,'image88.jpg','False',1),
(185,'Robbie','robbie@gmail.com','8F4A58FD14BDBD1C733FEC3D234E2D838BDF809584CA7586B6B6A3C927A093C4','台中市南市區成功路23號','0978609968','2023-04-28 03:48:21','1982-10-19',0,'image178.jpg','True',5),
(186,'Joanne','joanne@gmail.com','8F4A58FD14BDBD1C733FEC3D234E2D838BDF809584CA7586B6B6A3C927A093C4','澎湖縣舊區中山路498號','0917728773','2019-05-07 20:49:38','1974-04-26',0,'image142.jpg','False',0),
(187,'Amos','amos@gmail.com','8F4A58FD14BDBD1C733FEC3D234E2D838BDF809584CA7586B6B6A3C927A093C4','花蓮縣中正區和平路208號','0971059269','2014-01-27 03:30:08','1980-03-25',0,'image19.jpg','True',5),
(188,'Olivia','olivia@gmail.com','8F4A58FD14BDBD1C733FEC3D234E2D838BDF809584CA7586B6B6A3C927A093C4','台南市南區成功路464號','0973947278','2021-09-09 22:15:28','1983-06-08',0,'image27.jpg','False',0),
(189,'Dulcie','dulcie@gmail.com','8F4A58FD14BDBD1C733FEC3D234E2D838BDF809584CA7586B6B6A3C927A093C4','屏東縣西區信義路231號','0992912230','2019-07-22 22:29:23','1982-02-26',1,'image180.jpg','False',2),
(190,'Elsa','elsa@gmail.com','8F4A58FD14BDBD1C733FEC3D234E2D838BDF809584CA7586B6B6A3C927A093C4','桃園市舊區光復路176號','0957209103','2015-04-22 05:30:55','2012-11-10',1,'image170.jpg','False',2),
(191,'Anna','anna@gmail.com','8F4A58FD14BDBD1C733FEC3D234E2D838BDF809584CA7586B6B6A3C927A093C4','南投縣南區民生路168號','0941950721','2018-07-15 16:14:52','2022-10-31',0,'image69.jpg','False',4),
(192,'Bernadette','bernadette@gmail.com','8F4A58FD14BDBD1C733FEC3D234E2D838BDF809584CA7586B6B6A3C927A093C4','新北市中區建國路321號','0903581046','2017-11-25 01:52:12','2013-10-03',1,'image66.jpg','False',3),
(193,'Bartholomew','bartholomew@gmail.com','8F4A58FD14BDBD1C733FEC3D234E2D838BDF809584CA7586B6B6A3C927A093C4','台中市中正區福建路11號','0937074114','2022-09-09 16:33:18','2014-11-26',1,'image4.jpg','False',4),
(194,'Enoch','enoch@gmail.com','8F4A58FD14BDBD1C733FEC3D234E2D838BDF809584CA7586B6B6A3C927A093C4','台南市舊區敦化路95號','0938939862','2015-09-23 17:49:51','1977-06-24',1,'image175.jpg','False',1),
(195,'Abel','abel@gmail.com','8F4A58FD14BDBD1C733FEC3D234E2D838BDF809584CA7586B6B6A3C927A093C4','新竹市南區建國路401號','0901086769','2015-09-16 00:36:04','1988-10-02',1,'image40.jpg','True',5),
(196,'Montgomery','montgomery@gmail.com','8F4A58FD14BDBD1C733FEC3D234E2D838BDF809584CA7586B6B6A3C927A093C4','屏東縣東區民生路305號','0988502984','2014-12-06 01:59:36','1996-05-01',0,'image123.jpg','False',4),
(197,'Alfred','alfred@gmail.com','8F4A58FD14BDBD1C733FEC3D234E2D838BDF809584CA7586B6B6A3C927A093C4','新竹縣舊區和平路221號','0913754114','2021-05-17 09:29:29','2010-07-03',1,'image153.jpg','False',4),
(198,'Matt','matt@gmail.com','8F4A58FD14BDBD1C733FEC3D234E2D838BDF809584CA7586B6B6A3C927A093C4','南投縣南區信義路389號','0960796469','2014-06-16 23:00:19','2012-01-03',1,'image199.jpg','False',0),
(199,'Uerica','uerica@gmail.com','8F4A58FD14BDBD1C733FEC3D234E2D838BDF809584CA7586B6B6A3C927A093C4','南投縣舊區信義路299號','0966047415','2014-09-13 18:48:59','1977-11-12',1,'image87.jpg','False',0),
(200,'Abe','abe@gmail.com','8F4A58FD14BDBD1C733FEC3D234E2D838BDF809584CA7586B6B6A3C927A093C4','台南市海區和平路101號','0910796629','2013-12-28 10:02:39','2002-12-16',0,'image65.jpg','False',3)

SET IDENTITY_INSERT [dbo].[Members] OFF
GO
--Permissions--
SET IDENTITY_INSERT [dbo].[Permissions] ON
INSERT [dbo].[Permissions] ([PermissionId],[PermissionName])
VALUES
(1,'主管'),
(2,'一般員工'),
(3,'小編')
SET IDENTITY_INSERT [dbo].[Permissions] OFF
GO
--Employees--
SET IDENTITY_INSERT [dbo].[Employees] ON
INSERT [dbo].[Employees] ([EmployeeId],[EmployeeName],[EncryptedPassword],[CreateAt],[PermissionId])
VALUES
(1,'Admin','123','2000-07-19 13:38:44',1),
(2,'Violet','123','2021-08-23 15:54:47',2),
(3,'Gerard','123','2022-09-24 06:15:55',3),
(4,'Una','123','2022-07-13 16:44:09',3),
(5,'Germaine','123','2015-09-03 05:41:57',2),
(6,'Dawn','123','2014-01-29 16:37:45',3),
(7,'Rachel','123','2018-03-07 10:09:47',3),
(8,'Joanne','123','2023-03-13 00:53:55',3),
(9,'Evadne','123','2022-08-02 04:37:39',3),
(10,'Julius','123','2020-10-04 23:20:40',3),
(11,'Cedric','123','2016-12-10 09:02:51',3),
(12,'Becky','123','2022-05-17 14:04:55',3),
(13,'Viv','123','2019-01-07 21:03:18',2),
(14,'Wally','123','2014-01-02 14:50:25',3),
(15,'Mabel','123','2013-06-03 22:17:08',2),
(16,'Quincy','123','2016-08-15 00:03:07',2),
(17,'Bud','123','2015-02-08 11:18:04',2),
(18,'Pru','123','2020-04-21 23:56:00',3),
(19,'Rosalie','123','2023-04-01 09:29:32',2),
(20,'Adolf','123','2017-08-04 04:30:55',2),
(21,'Naomi','123','2021-09-24 17:45:46',3),
(22,'Katie','123','2020-09-08 11:42:13',3),
(23,'Judy','123','2021-06-30 13:20:37',3),
(24,'Angie','123','2015-08-14 15:12:54',2),
(25,'Hilda','123','2013-01-11 10:13:20',2),
(26,'Delia','123','2022-11-08 07:20:50',3),
(27,'Roberta','123','2019-03-17 21:50:24',2),
(28,'Isabella','123','2022-11-22 15:41:31',2),
(29,'Graeme','123','2022-07-10 11:44:26',3),
(30,'Ollie','123','2013-07-09 12:55:31',3),
(31,'Grace','123','2013-11-06 17:13:36',3),
(32,'Di','123','2014-05-03 06:18:54',2),
(33,'Frances','123','2013-09-12 11:42:42',3),
(34,'Steven','123','2016-03-28 08:41:46',3),
(35,'Wally','123','2023-02-20 12:55:29',2),
(36,'Mervyn','123','2023-01-17 22:33:04',2),
(37,'Ebenezer','123','2019-03-14 08:14:53',3),
(38,'Norma','123','2020-12-10 12:21:38',3),
(39,'Sophie','123','2022-08-28 09:32:44',2),
(40,'Richie','123','2022-01-03 13:24:56',3),
(41,'Saul','123','2023-01-20 03:57:45',3),
(42,'Fidelia','123','2018-08-14 02:05:16',3),
(43,'Tim','123','2013-01-19 18:41:42',2),
(44,'Mike','123','2020-03-27 20:49:14',2),
(45,'Napoleon','123','2013-04-13 20:53:57',2),
(46,'Rosalind','123','2017-12-04 14:22:56',3),
(47,'Rosemary','123','2016-09-13 03:17:45',2),
(48,'Burt','123','2016-01-18 17:24:32',3),
(49,'Olga','123','2018-03-25 19:31:40',2),
(50,'Charlene','123','2019-08-03 07:12:48',2)

SET IDENTITY_INSERT [dbo].[Employees] OFF
GO
--Categories--
SET IDENTITY_INSERT [dbo].[Categories] ON
INSERT [dbo].[Categories] ([CategoryId], [CategoryName]) VALUES (1, N'整模蛋糕')
INSERT [dbo].[Categories] ([CategoryId], [CategoryName]) VALUES (2, N'常溫蛋糕')
INSERT [dbo].[Categories] ([CategoryId], [CategoryName]) VALUES (3, N'點心')
INSERT [dbo].[Categories] ([CategoryId], [CategoryName]) VALUES (4, N'長條蛋糕')
INSERT [dbo].[Categories] ([CategoryId], [CategoryName]) VALUES (5, N'禮盒')
SET IDENTITY_INSERT [dbo].[Categories] OFF
GO

--Desserts--
SET IDENTITY_INSERT [dbo].[Desserts] ON 
INSERT [dbo].[Desserts] ([DessertId], [DessertName], [CategoryId], [UnitPrice], [Description], [Status], [CreateTime]) VALUES (1, N'焙茶芋泥布丁蛋糕', 3, 1280, N'台灣在地大甲芋泥，日本中澤頂級奶油', 1, CAST(N'2023-06-20T21:00:33.113' AS DateTime))
INSERT [dbo].[Desserts] ([DessertId], [DessertName], [CategoryId], [UnitPrice], [Description], [Status], [CreateTime]) VALUES (2, N'抹茶草莓千層蛋糕', 2, 500, N'濃郁的抹茶奶油搭配新鮮草莓層層疊疊', 1, CAST(N'2023-06-20T21:00:33.113' AS DateTime))
INSERT [dbo].[Desserts] ([DessertId], [DessertName], [CategoryId], [UnitPrice], [Description], [Status], [CreateTime]) VALUES (3, N'巧克力香蕉布朗尼', 1, 350, N'香蕉與巧克力的完美結合，濕潤鬆軟口感', 1, CAST(N'2023-06-20T21:00:33.113' AS DateTime))
INSERT [dbo].[Desserts] ([DessertId], [DessertName], [CategoryId], [UnitPrice], [Description], [Status], [CreateTime]) VALUES (4, N'紅豆綠茶雪花冰', 4, 380, N'清涼又美味的夏日甜點，綠茶冰淇淋搭配紅豆醬', 1, CAST(N'2023-06-20T21:00:33.113' AS DateTime))
INSERT [dbo].[Desserts] ([DessertId], [DessertName], [CategoryId], [UnitPrice], [Description], [Status], [CreateTime]) VALUES (5, N'芒果布丁', 2, 320, N'新鮮芒果果肉加上順滑布丁，酸甜口感絕佳', 1, CAST(N'2023-06-20T21:00:33.113' AS DateTime))
INSERT [dbo].[Desserts] ([DessertId], [DessertName], [CategoryId], [UnitPrice], [Description], [Status], [CreateTime]) VALUES (6, N'藍莓乳酪塔', 1, 420, N'酸甜藍莓與濃郁乳酪的絕妙組合，外層酥脆可口', 1, CAST(N'2023-06-20T21:00:33.113' AS DateTime))
INSERT [dbo].[Desserts] ([DessertId], [DessertName], [CategoryId], [UnitPrice], [Description], [Status], [CreateTime]) VALUES (7, N'巧克力香草軟餅乾', 3, 280, N'香草風味餅乾內夾軟綿綿巧克力，入口即化', 0, CAST(N'2023-06-20T21:00:33.113' AS DateTime))
INSERT [dbo].[Desserts] ([DessertId], [DessertName], [CategoryId], [UnitPrice], [Description], [Status], [CreateTime]) VALUES (8, N'草莓奶油泡芙', 2, 360, N'鬆軟泡芙內填滿新鮮草莓與奶油，每口都是驚喜', 1, CAST(N'2023-06-20T21:00:33.113' AS DateTime))
INSERT [dbo].[Desserts] ([DessertId], [DessertName], [CategoryId], [UnitPrice], [Description], [Status], [CreateTime]) VALUES (9, N'焦糖拿鐵布蕾', 4, 420, N'經典的拿鐵風味與焦糖布蕾的濃郁口感結合', 1, CAST(N'2023-06-20T21:00:33.113' AS DateTime))
INSERT [dbo].[Desserts] ([DessertId], [DessertName], [CategoryId], [UnitPrice], [Description], [Status], [CreateTime]) VALUES (10, N'紅絲絨紅豆捲', 3, 320, N'紅絲絨蛋糕搭配紅豆內餡，綿密軟綿的口感', 1, CAST(N'2023-06-20T21:00:33.113' AS DateTime))
INSERT [dbo].[Desserts] ([DessertId], [DessertName], [CategoryId], [UnitPrice], [Description], [Status], [CreateTime]) VALUES (11, N'香蕉巧克力冰淇淋', 1, 350, N'香蕉口味冰淇淋中夾著香濃巧克力粒，迷人組合', 1, CAST(N'2023-06-20T21:00:33.113' AS DateTime))
INSERT [dbo].[Desserts] ([DessertId], [DessertName], [CategoryId], [UnitPrice], [Description], [Status], [CreateTime]) VALUES (12, N'覆盆子芝士塔', 2, 380, N'酸甜覆盆子搭配濃郁芝士，完美平衡的口感', 0, CAST(N'2023-06-20T21:00:33.113' AS DateTime))
INSERT [dbo].[Desserts] ([DessertId], [DessertName], [CategoryId], [UnitPrice], [Description], [Status], [CreateTime]) VALUES (13, N'提拉米蘇杯子蛋糕', 3, 390, N'充滿咖啡香氣的提拉米蘇，方便攜帶的迷你尺寸', 1, CAST(N'2023-06-20T21:00:33.113' AS DateTime))
INSERT [dbo].[Desserts] ([DessertId], [DessertName], [CategoryId], [UnitPrice], [Description], [Status], [CreateTime]) VALUES (14, N'草莓白巧克力慕斯', 4, 410, N'滑順慕斯中融入鮮甜草莓與香醇白巧克力', 1, CAST(N'2023-06-20T21:00:33.113' AS DateTime))
INSERT [dbo].[Desserts] ([DessertId], [DessertName], [CategoryId], [UnitPrice], [Description], [Status], [CreateTime]) VALUES (15, N'抹茶紅豆蛋糕捲', 1, 350, N'香濃抹茶蛋糕外夾著香甜紅豆，美味又好看', 0, CAST(N'2023-06-20T21:00:33.113' AS DateTime))
INSERT [dbo].[Desserts] ([DessertId], [DessertName], [CategoryId], [UnitPrice], [Description], [Status], [CreateTime]) VALUES (16, N'榴槤千層蛋糕', 3, 480, N'榴槤醬搭配層層酥皮，榴槤控絕對不能錯過', 1, CAST(N'2023-06-20T21:00:33.113' AS DateTime))
INSERT [dbo].[Desserts] ([DessertId], [DessertName], [CategoryId], [UnitPrice], [Description], [Status], [CreateTime]) VALUES (17, N'蘋果肉桂派', 2, 320, N'酸甜蘋果片撒上肉桂粉，外層酥脆內餡多汁', 1, CAST(N'2023-06-20T21:00:33.113' AS DateTime))
INSERT [dbo].[Desserts] ([DessertId], [DessertName], [CategoryId], [UnitPrice], [Description], [Status], [CreateTime]) VALUES (18, N'焦糖海鹽巧克力', 1, 360, N'香濃巧克力中加入焦糖與微妙海鹽風味', 1, CAST(N'2023-06-20T21:00:33.113' AS DateTime))
INSERT [dbo].[Desserts] ([DessertId], [DessertName], [CategoryId], [UnitPrice], [Description], [Status], [CreateTime]) VALUES (19, N'紅豆抹茶蛋糕', 4, 390, N'抹茶口味蛋糕上鋪滿紅豆，綠茶愛好者必點', 1, CAST(N'2023-06-20T21:00:33.113' AS DateTime))
INSERT [dbo].[Desserts] ([DessertId], [DessertName], [CategoryId], [UnitPrice], [Description], [Status], [CreateTime]) VALUES (20, N'草莓卡士達可頌', 2, 420, N'新鮮草莓與濃郁卡士達醬搭配酥脆可頌皮', 1, CAST(N'2023-06-20T21:00:33.113' AS DateTime))
INSERT [dbo].[Desserts] ([DessertId], [DessertName], [CategoryId], [UnitPrice], [Description], [Status], [CreateTime]) VALUES (21, N'檸檬起司蛋糕', 1, 380, N'清新檸檬風味的起司蛋糕，酸甜口感一流', 1, CAST(N'2023-06-20T21:00:33.113' AS DateTime))
INSERT [dbo].[Desserts] ([DessertId], [DessertName], [CategoryId], [UnitPrice], [Description], [Status], [CreateTime]) VALUES (22, N'香草覆盆子泡芙', 3, 350, N'香草口味泡芙內填滿覆盆子奶油，香甜酸爽', 0, CAST(N'2023-06-20T21:00:33.113' AS DateTime))
INSERT [dbo].[Desserts] ([DessertId], [DessertName], [CategoryId], [UnitPrice], [Description], [Status], [CreateTime]) VALUES (23, N'芒果雪花冰淇淋', 4, 390, N'新鮮芒果果肉混入綿密冰淇淋，消暑首選', 1, CAST(N'2023-06-20T21:00:33.113' AS DateTime))
INSERT [dbo].[Desserts] ([DessertId], [DessertName], [CategoryId], [UnitPrice], [Description], [Status], [CreateTime]) VALUES (24, N'焙茶芋泥布丁蛋糕', 3, 1280, N'台灣在地大甲芋泥，日本中澤頂級奶油', 1, CAST(N'2023-06-20T21:00:33.113' AS DateTime))
INSERT [dbo].[Desserts] ([DessertId], [DessertName], [CategoryId], [UnitPrice], [Description], [Status], [CreateTime]) VALUES (25, N'巧克力草莓塔', 1, 780, N'濃郁巧克力搭配新鮮草莓，口感豐富', 1, CAST(N'2023-06-20T21:00:33.113' AS DateTime))
INSERT [dbo].[Desserts] ([DessertId], [DessertName], [CategoryId], [UnitPrice], [Description], [Status], [CreateTime]) VALUES (26, N'紅莓乳酪蛋糕', 2, 980, N'頂級乳酪搭配酸甜紅莓，口感滑順', 1, CAST(N'2023-06-20T21:00:33.113' AS DateTime))
INSERT [dbo].[Desserts] ([DessertId], [DessertName], [CategoryId], [UnitPrice], [Description], [Status], [CreateTime]) VALUES (27, N'抹茶白巧克力泡芙', 4, 550, N'濃郁抹茶內餡包裹著香甜白巧克力', 1, CAST(N'2023-06-20T21:00:33.113' AS DateTime))
INSERT [dbo].[Desserts] ([DessertId], [DessertName], [CategoryId], [UnitPrice], [Description], [Status], [CreateTime]) VALUES (28, N'焦糖海鹽布朗尼', 1, 680, N'香濃焦糖和微妙的海鹽味道結合在一起', 1, CAST(N'2023-06-20T21:00:33.113' AS DateTime))
INSERT [dbo].[Desserts] ([DessertId], [DessertName], [CategoryId], [UnitPrice], [Description], [Status], [CreateTime]) VALUES (29, N'草莓千層蛋糕', 3, 1380, N'層層鬆軟蛋糕中夾著新鮮草莓', 1, CAST(N'2023-06-20T21:00:33.113' AS DateTime))
INSERT [dbo].[Desserts] ([DessertId], [DessertName], [CategoryId], [UnitPrice], [Description], [Status], [CreateTime]) VALUES (30, N'巧克力花園塔', 2, 920, N'精緻巧克力外觀，內含多種巧克力口味', 1, CAST(N'2023-06-20T21:00:33.113' AS DateTime))
INSERT [dbo].[Desserts] ([DessertId], [DessertName], [CategoryId], [UnitPrice], [Description], [Status], [CreateTime]) VALUES (31, N'香草奶油泡芙', 4, 450, N'香濃香草奶油注入酥脆泡芙中', 1, CAST(N'2023-06-20T21:00:33.113' AS DateTime))
INSERT [dbo].[Desserts] ([DessertId], [DessertName], [CategoryId], [UnitPrice], [Description], [Status], [CreateTime]) VALUES (32, N'藍莓乳酪蛋糕', 2, 1080, N'頂級乳酪搭配酸甜藍莓，口感滑順', 1, CAST(N'2023-06-20T21:00:33.113' AS DateTime))
INSERT [dbo].[Desserts] ([DessertId], [DessertName], [CategoryId], [UnitPrice], [Description], [Status], [CreateTime]) VALUES (33, N'焦糖拿鐵布丁', 3, 590, N'頂級拿鐵搭配濃郁焦糖布丁，美味絕妙', 1, CAST(N'2023-06-20T21:00:33.113' AS DateTime))
INSERT [dbo].[Desserts] ([DessertId], [DessertName], [CategoryId], [UnitPrice], [Description], [Status], [CreateTime]) VALUES (34, N'抹茶紅豆泡芙', 4, 520, N'濃郁抹茶內餡搭配甜蜜紅豆', 1, CAST(N'2023-06-20T21:00:33.113' AS DateTime))
INSERT [dbo].[Desserts] ([DessertId], [DessertName], [CategoryId], [UnitPrice], [Description], [Status], [CreateTime]) VALUES (35, N'芒果慕斯蛋糕', 1, 1280, N'新鮮芒果與濃郁慕斯的絕妙組合', 1, CAST(N'2023-06-20T21:00:33.113' AS DateTime))
INSERT [dbo].[Desserts] ([DessertId], [DessertName], [CategoryId], [UnitPrice], [Description], [Status], [CreateTime]) VALUES (36, N'黑森林蛋糕', 2, 980, N'濃郁巧克力蛋糕中夾著酒漬櫻桃', 1, CAST(N'2023-06-20T21:00:33.113' AS DateTime))
INSERT [dbo].[Desserts] ([DessertId], [DessertName], [CategoryId], [UnitPrice], [Description], [Status], [CreateTime]) VALUES (37, N'檸檬塔', 1, 750, N'清新檸檬口味，酸甜可口', 0, CAST(N'2023-06-20T21:00:33.113' AS DateTime))
INSERT [dbo].[Desserts] ([DessertId], [DessertName], [CategoryId], [UnitPrice], [Description], [Status], [CreateTime]) VALUES (38, N'蔓越莓乳酪蛋糕', 2, 1080, N'頂級乳酪搭配酸甜蔓越莓，口感滑順', 1, CAST(N'2023-06-20T21:00:33.113' AS DateTime))
INSERT [dbo].[Desserts] ([DessertId], [DessertName], [CategoryId], [UnitPrice], [Description], [Status], [CreateTime]) VALUES (39, N'綠茶紅豆泡芙', 4, 520, N'濃郁綠茶內餡搭配甜蜜紅豆', 1, CAST(N'2023-06-20T21:00:33.113' AS DateTime))
INSERT [dbo].[Desserts] ([DessertId], [DessertName], [CategoryId], [UnitPrice], [Description], [Status], [CreateTime]) VALUES (40, N'焦糖香蕉布朗尼', 1, 680, N'香濃焦糖和香甜香蕉結合在一起', 0, CAST(N'2023-06-20T21:00:33.113' AS DateTime))
INSERT [dbo].[Desserts] ([DessertId], [DessertName], [CategoryId], [UnitPrice], [Description], [Status], [CreateTime]) VALUES (41, N'綿雲花園塔', 2, 920, N'精緻如同綿雲般外觀，內含多種口味', 0, CAST(N'2023-06-20T21:00:33.113' AS DateTime))
INSERT [dbo].[Desserts] ([DessertId], [DessertName], [CategoryId], [UnitPrice], [Description], [Status], [CreateTime]) VALUES (42, N'蘋果肉桂泡芙', 4, 520, N'香甜蘋果內餡搭配肉桂風味', 1, CAST(N'2023-06-20T21:00:33.113' AS DateTime))
INSERT [dbo].[Desserts] ([DessertId], [DessertName], [CategoryId], [UnitPrice], [Description], [Status], [CreateTime]) VALUES (43, N'香草千層蛋糕', 3, 1380, N'層層鬆軟蛋糕中夾著香草奶油', 1, CAST(N'2023-06-20T21:00:33.113' AS DateTime))
INSERT [dbo].[Desserts] ([DessertId], [DessertName], [CategoryId], [UnitPrice], [Description], [Status], [CreateTime]) VALUES (44, N'巧克力杏仁塔', 1, 780, N'濃郁巧克力搭配香脆杏仁', 1, CAST(N'2023-06-20T21:00:33.113' AS DateTime))
INSERT [dbo].[Desserts] ([DessertId], [DessertName], [CategoryId], [UnitPrice], [Description], [Status], [CreateTime]) VALUES (45, N'芒果布丁', 3, 550, N'新鮮芒果和香滑布丁的絕妙組合', 1, CAST(N'2023-06-20T21:00:33.113' AS DateTime))
INSERT [dbo].[Desserts] ([DessertId], [DessertName], [CategoryId], [UnitPrice], [Description], [Status], [CreateTime]) VALUES (46, N'提拉米蘇', 2, 980, N'經典意大利甜點，濃郁咖啡和香醇奶酒', 1, CAST(N'2023-06-20T21:00:33.113' AS DateTime))
INSERT [dbo].[Desserts] ([DessertId], [DessertName], [CategoryId], [UnitPrice], [Description], [Status], [CreateTime]) VALUES (47, N'草莓巧克力泡芙', 4, 620, N'酸甜草莓搭配濃郁巧克力', 1, CAST(N'2023-06-20T21:00:33.113' AS DateTime))
INSERT [dbo].[Desserts] ([DessertId], [DessertName], [CategoryId], [UnitPrice], [Description], [Status], [CreateTime]) VALUES (48, N'焦糖奶油布朗尼', 1, 680, N'香濃焦糖和濃郁奶油結合在一起', 1, CAST(N'2023-06-20T21:00:33.113' AS DateTime))
INSERT [dbo].[Desserts] ([DessertId], [DessertName], [CategoryId], [UnitPrice], [Description], [Status], [CreateTime]) VALUES (49, N'抹茶白巧克力塔', 2, 850, N'濃郁抹茶搭配香甜白巧克力', 1, CAST(N'2023-06-20T21:00:33.113' AS DateTime))
INSERT [dbo].[Desserts] ([DessertId], [DessertName], [CategoryId], [UnitPrice], [Description], [Status], [CreateTime]) VALUES (50, N'草莓卡士達泡芙', 4, 520, N'酸甜草莓搭配滑順卡士達醬', 1, CAST(N'2023-06-20T21:00:33.113' AS DateTime))
INSERT [dbo].[Desserts] ([DessertId], [DessertName], [CategoryId], [UnitPrice], [Description], [Status], [CreateTime]) VALUES (51, N'藍莓慕斯蛋糕', 1, 1180, N'酸甜藍莓與濃郁慕斯的絕妙組合', 0, CAST(N'2023-06-20T21:00:33.113' AS DateTime))
INSERT [dbo].[Desserts] ([DessertId], [DessertName], [CategoryId], [UnitPrice], [Description], [Status], [CreateTime]) VALUES (52, N'焦糖拿鐵布朗尼', 3, 680, N'香濃焦糖和濃郁拿鐵結合在一起', 0, CAST(N'2023-06-20T21:00:33.113' AS DateTime))
INSERT [dbo].[Desserts] ([DessertId], [DessertName], [CategoryId], [UnitPrice], [Description], [Status], [CreateTime]) VALUES (53, N'抹茶紅豆蛋糕', 2, 1080, N'濃郁抹茶蛋糕中夾著甜蜜紅豆', 0, CAST(N'2023-06-20T21:00:33.113' AS DateTime))
INSERT [dbo].[Desserts] ([DessertId], [DessertName], [CategoryId], [UnitPrice], [Description], [Status], [CreateTime]) VALUES (54, N'芒果塔', 1, 780, N'新鮮芒果搭配酥脆塔皮，口感豐富', 0, CAST(N'2023-06-20T21:00:33.113' AS DateTime))
INSERT [dbo].[Desserts] ([DessertId], [DessertName], [CategoryId], [UnitPrice], [Description], [Status], [CreateTime]) VALUES (55, N'黑白巧克力泡芙', 4, 550, N'濃郁黑巧克力和香甜白巧克力內餡', 1, CAST(N'2023-06-20T21:00:33.113' AS DateTime))
INSERT [dbo].[Desserts] ([DessertId], [DessertName], [CategoryId], [UnitPrice], [Description], [Status], [CreateTime]) VALUES (56, N'蘋果派', 3, 650, N'新鮮蘋果和香脆派皮的完美結合', 1, CAST(N'2023-06-20T21:00:33.113' AS DateTime))
INSERT [dbo].[Desserts] ([DessertId], [DessertName], [CategoryId], [UnitPrice], [Description], [Status], [CreateTime]) VALUES (57, N'焦糖杏仁布朗尼', 1, 680, N'香濃焦糖和脆口杏仁的美味組合', 1, CAST(N'2023-06-20T21:00:33.113' AS DateTime))
INSERT [dbo].[Desserts] ([DessertId], [DessertName], [CategoryId], [UnitPrice], [Description], [Status], [CreateTime]) VALUES (58, N'覆盆子乳酪蛋糕', 2, 1080, N'頂級乳酪搭配酸甜覆盆子，口感滑順', 1, CAST(N'2023-06-20T21:00:33.113' AS DateTime))
INSERT [dbo].[Desserts] ([DessertId], [DessertName], [CategoryId], [UnitPrice], [Description], [Status], [CreateTime]) VALUES (59, N'榴槤泡芙', 4, 680, N'濃郁榴槤內餡包裹著酥脆泡芙', 1, CAST(N'2023-06-20T21:00:33.113' AS DateTime))
INSERT [dbo].[Desserts] ([DessertId], [DessertName], [CategoryId], [UnitPrice], [Description], [Status], [CreateTime]) VALUES (60, N'香草布丁', 3, 480, N'香濃香草奶油搭配滑順布丁', 0, CAST(N'2023-06-20T21:00:33.113' AS DateTime))
INSERT [dbo].[Desserts] ([DessertId], [DessertName], [CategoryId], [UnitPrice], [Description], [Status], [CreateTime]) VALUES (61, N'巧克力焦糖塔', 2, 850, N'濃郁巧克力搭配香濃焦糖', 1, CAST(N'2023-06-20T21:00:33.113' AS DateTime))
INSERT [dbo].[Desserts] ([DessertId], [DessertName], [CategoryId], [UnitPrice], [Description], [Status], [CreateTime]) VALUES (62, N'蘋果肉桂蛋糕', 1, 980, N'香甜蘋果蛋糕灑上肉桂粉', 1, CAST(N'2023-06-20T21:00:33.113' AS DateTime))
INSERT [dbo].[Desserts] ([DessertId], [DessertName], [CategoryId], [UnitPrice], [Description], [Status], [CreateTime]) VALUES (63, N'草莓奶油泡芙', 4, 520, N'酸甜草莓搭配香滑奶油', 1, CAST(N'2023-06-20T21:00:33.113' AS DateTime))
INSERT [dbo].[Desserts] ([DessertId], [DessertName], [CategoryId], [UnitPrice], [Description], [Status], [CreateTime]) VALUES (64, N'焦糖香蕉布丁', 3, 590, N'香濃焦糖和香甜香蕉結合在布丁中', 1, CAST(N'2023-06-20T21:00:33.113' AS DateTime))
INSERT [dbo].[Desserts] ([DessertId], [DessertName], [CategoryId], [UnitPrice], [Description], [Status], [CreateTime]) VALUES (65, N'抹茶巧克力泡芙', 4, 620, N'濃郁抹茶內餡搭配香甜巧克力', 1, CAST(N'2023-06-20T21:00:33.113' AS DateTime))
INSERT [dbo].[Desserts] ([DessertId], [DessertName], [CategoryId], [UnitPrice], [Description], [Status], [CreateTime]) VALUES (66, N'藍莓芝士蛋糕', 2, 1280, N'頂級芝士搭配酸甜藍莓，口感滑順', 1, CAST(N'2023-06-20T21:00:33.113' AS DateTime))
INSERT [dbo].[Desserts] ([DessertId], [DessertName], [CategoryId], [UnitPrice], [Description], [Status], [CreateTime]) VALUES (67, N'焦糖拿鐵布朗尼', 1, 680, N'香濃焦糖和濃郁拿鐵的美味組合', 1, CAST(N'2023-06-20T21:00:33.113' AS DateTime))
INSERT [dbo].[Desserts] ([DessertId], [DessertName], [CategoryId], [UnitPrice], [Description], [Status], [CreateTime]) VALUES (68, N'檸檬蛋糕', 3, 750, N'清新檸檬風味的鬆軟蛋糕', 1, CAST(N'2023-06-20T21:00:33.113' AS DateTime))
INSERT [dbo].[Desserts] ([DessertId], [DessertName], [CategoryId], [UnitPrice], [Description], [Status], [CreateTime]) VALUES (69, N'覆盆子塔', 2, 850, N'酸甜覆盆子搭配香脆塔皮，口感豐富', 0, CAST(N'2023-06-20T21:00:33.113' AS DateTime))
INSERT [dbo].[Desserts] ([DessertId], [DessertName], [CategoryId], [UnitPrice], [Description], [Status], [CreateTime]) VALUES (70, N'焦糖杏仁泡芙', 4, 580, N'香濃焦糖和脆口杏仁的美味組合', 0, CAST(N'2023-06-20T21:00:33.113' AS DateTime))
INSERT [dbo].[Desserts] ([DessertId], [DessertName], [CategoryId], [UnitPrice], [Description], [Status], [CreateTime]) VALUES (71, N'香草藍莓布丁', 3, 590, N'香濃香草奶油搭配酸甜藍莓布丁', 0, CAST(N'2023-06-20T21:00:33.113' AS DateTime))
INSERT [dbo].[Desserts] ([DessertId], [DessertName], [CategoryId], [UnitPrice], [Description], [Status], [CreateTime]) VALUES (72, N'巧克力草莓蛋糕', 1, 1280, N'濃郁巧克力蛋糕中夾著新鮮草莓', 0, CAST(N'2023-06-20T21:00:33.113' AS DateTime))
INSERT [dbo].[Desserts] ([DessertId], [DessertName], [CategoryId], [UnitPrice], [Description], [Status], [CreateTime]) VALUES (73, N'焦糖松露', 2, 680, N'香濃焦糖包裹著濃郁巧克力松露', 0, CAST(N'2023-06-20T21:00:33.113' AS DateTime))
INSERT [dbo].[Desserts] ([DessertId], [DessertName], [CategoryId], [UnitPrice], [Description], [Status], [CreateTime]) VALUES (74, N'草莓巧克力塔', 1, 850, N'酸甜草莓搭配濃郁巧克力，口感豐富', 1, CAST(N'2023-06-20T21:00:33.113' AS DateTime))
INSERT [dbo].[Desserts] ([DessertId], [DessertName], [CategoryId], [UnitPrice], [Description], [Status], [CreateTime]) VALUES (75, N'檸檬乳酪蛋糕', 2, 980, N'頂級乳酪搭配清新檸檬，口感滑順', 1, CAST(N'2023-06-20T21:00:33.113' AS DateTime))
INSERT [dbo].[Desserts] ([DessertId], [DessertName], [CategoryId], [UnitPrice], [Description], [Status], [CreateTime]) VALUES (76, N'榴槤慕斯蛋糕', 1, 1480, N'濃郁榴槤與滑順慕斯的絕妙組合', 1, CAST(N'2023-06-20T21:00:33.000' AS DateTime))
INSERT [dbo].[Desserts] ([DessertId], [DessertName], [CategoryId], [UnitPrice], [Description], [Status], [CreateTime]) VALUES (77, N'巧克力覆盆子泡芙', 4, 620, N'濃郁巧克力內餡搭配酸甜覆盆子', 1, CAST(N'2023-06-20T21:00:33.113' AS DateTime))
INSERT [dbo].[Desserts] ([DessertId], [DessertName], [CategoryId], [UnitPrice], [Description], [Status], [CreateTime]) VALUES (78, N'焦糖香蕉布朗尼', 1, 680, N'香濃焦糖和香甜香蕉的美味組合', 1, CAST(N'2023-06-20T21:00:33.113' AS DateTime))
INSERT [dbo].[Desserts] ([DessertId], [DessertName], [CategoryId], [UnitPrice], [Description], [Status], [CreateTime]) VALUES (79, N'抹茶白巧克力塔', 2, 850, N'濃郁抹茶搭配香甜白巧克力', 0, CAST(N'2023-06-20T21:00:33.113' AS DateTime))
INSERT [dbo].[Desserts] ([DessertId], [DessertName], [CategoryId], [UnitPrice], [Description], [Status], [CreateTime]) VALUES (80, N'藍莓卡士達泡芙', 4, 520, N'酸甜藍莓搭配滑順卡士達醬', 0, CAST(N'2023-06-20T21:00:33.113' AS DateTime))
INSERT [dbo].[Desserts] ([DessertId], [DessertName], [CategoryId], [UnitPrice], [Description], [Status], [CreateTime]) VALUES (81, N'葡萄乳酪蛋糕', 2, 1080, N'頂級乳酪搭配甜蜜葡萄，口感滑順', 0, CAST(N'2023-06-20T21:00:33.113' AS DateTime))
INSERT [dbo].[Desserts] ([DessertId], [DessertName], [CategoryId], [UnitPrice], [Description], [Status], [CreateTime]) VALUES (82, N'焦糖提拉米蘇', 3, 980, N'經典意大利甜點，濃郁焦糖和咖啡', 0, CAST(N'2023-06-20T21:00:33.113' AS DateTime))
INSERT [dbo].[Desserts] ([DessertId], [DessertName], [CategoryId], [UnitPrice], [Description], [Status], [CreateTime]) VALUES (83, N'香草巧克力泡芙', 4, 550, N'香濃香草奶油搭配濃郁巧克力', 1, CAST(N'2023-06-20T21:00:33.113' AS DateTime))
INSERT [dbo].[Desserts] ([DessertId], [DessertName], [CategoryId], [UnitPrice], [Description], [Status], [CreateTime]) VALUES (84, N'櫻花塔', 2, 920, N'精緻櫻花外觀，內含多種口味', 1, CAST(N'2023-06-20T21:00:33.113' AS DateTime))
INSERT [dbo].[Desserts] ([DessertId], [DessertName], [CategoryId], [UnitPrice], [Description], [Status], [CreateTime]) VALUES (85, N'香蕉肉桂泡芙', 4, 520, N'香甜香蕉內餡搭配肉桂風味', 1, CAST(N'2023-06-20T21:00:33.113' AS DateTime))
INSERT [dbo].[Desserts] ([DessertId], [DessertName], [CategoryId], [UnitPrice], [Description], [Status], [CreateTime]) VALUES (86, N'香草千層蛋糕', 3, 1380, N'層層鬆軟蛋糕中夾著香草奶油', 1, CAST(N'2023-06-20T21:00:33.113' AS DateTime))
INSERT [dbo].[Desserts] ([DessertId], [DessertName], [CategoryId], [UnitPrice], [Description], [Status], [CreateTime]) VALUES (87, N'巧克力杏仁塔', 1, 780, N'濃郁巧克力搭配香脆杏仁', 1, CAST(N'2023-06-20T21:00:33.113' AS DateTime))
INSERT [dbo].[Desserts] ([DessertId], [DessertName], [CategoryId], [UnitPrice], [Description], [Status], [CreateTime]) VALUES (88, N'芒果布丁', 3, 550, N'新鮮芒果和香滑布丁的絕妙組合', 1, CAST(N'2023-06-20T21:00:33.113' AS DateTime))
INSERT [dbo].[Desserts] ([DessertId], [DessertName], [CategoryId], [UnitPrice], [Description], [Status], [CreateTime]) VALUES (89, N'提拉米蘇', 2, 980, N'經典意大利甜點，濃郁咖啡和香醇奶酒', 1, CAST(N'2023-06-20T21:00:33.113' AS DateTime))
INSERT [dbo].[Desserts] ([DessertId], [DessertName], [CategoryId], [UnitPrice], [Description], [Status], [CreateTime]) VALUES (90, N'草莓巧克力泡芙', 4, 620, N'酸甜草莓搭配濃郁巧克力', 1, CAST(N'2023-06-20T21:00:33.113' AS DateTime))
INSERT [dbo].[Desserts] ([DessertId], [DessertName], [CategoryId], [UnitPrice], [Description], [Status], [CreateTime]) VALUES (91, N'焦糖奶油布朗尼', 1, 680, N'香濃焦糖和濃郁奶油結合在一起', 1, CAST(N'2023-06-20T21:00:33.113' AS DateTime))
INSERT [dbo].[Desserts] ([DessertId], [DessertName], [CategoryId], [UnitPrice], [Description], [Status], [CreateTime]) VALUES (92, N'抹茶白巧克力塔', 2, 850, N'濃郁抹茶搭配香甜白巧克力', 1, CAST(N'2023-06-20T21:00:33.113' AS DateTime))
INSERT [dbo].[Desserts] ([DessertId], [DessertName], [CategoryId], [UnitPrice], [Description], [Status], [CreateTime]) VALUES (93, N'草莓卡士達泡芙', 4, 520, N'酸甜草莓搭配滑順卡士達醬', 1, CAST(N'2023-06-20T21:00:33.113' AS DateTime))
INSERT [dbo].[Desserts] ([DessertId], [DessertName], [CategoryId], [UnitPrice], [Description], [Status], [CreateTime]) VALUES (94, N'藍莓慕斯蛋糕', 1, 1180, N'酸甜藍莓與濃郁慕斯的絕妙組合', 1, CAST(N'2023-06-20T21:00:33.113' AS DateTime))
INSERT [dbo].[Desserts] ([DessertId], [DessertName], [CategoryId], [UnitPrice], [Description], [Status], [CreateTime]) VALUES (95, N'焦糖拿鐵布朗尼', 3, 680, N'香濃焦糖和濃郁拿鐵結合在一起', 1, CAST(N'2023-06-20T21:00:33.113' AS DateTime))
INSERT [dbo].[Desserts] ([DessertId], [DessertName], [CategoryId], [UnitPrice], [Description], [Status], [CreateTime]) VALUES (96, N'抹茶紅豆蛋糕', 2, 1080, N'濃郁抹茶蛋糕中夾著甜蜜紅豆', 1, CAST(N'2023-06-20T21:00:33.113' AS DateTime))
INSERT [dbo].[Desserts] ([DessertId], [DessertName], [CategoryId], [UnitPrice], [Description], [Status], [CreateTime]) VALUES (97, N'芒果塔', 1, 780, N'新鮮芒果搭配酥脆塔皮，口感豐富', 1, CAST(N'2023-06-20T21:00:33.113' AS DateTime))
INSERT [dbo].[Desserts] ([DessertId], [DessertName], [CategoryId], [UnitPrice], [Description], [Status], [CreateTime]) VALUES (98, N'黑白巧克力泡芙', 4, 550, N'濃郁黑巧克力和香甜白巧克力內餡', 0, CAST(N'2023-06-20T21:00:33.113' AS DateTime))
INSERT [dbo].[Desserts] ([DessertId], [DessertName], [CategoryId], [UnitPrice], [Description], [Status], [CreateTime]) VALUES (99, N'蘋果派', 3, 650, N'新鮮蘋果和香脆派皮的完美結合', 0, CAST(N'2023-06-20T21:00:33.113' AS DateTime))
GO
INSERT [dbo].[Desserts] ([DessertId], [DessertName], [CategoryId], [UnitPrice], [Description], [Status], [CreateTime]) VALUES (100, N'焦糖杏仁布朗尼', 1, 680, N'香濃焦糖和脆口杏仁的美味組合', 1, CAST(N'2023-06-20T21:00:33.113' AS DateTime))
INSERT [dbo].[Desserts] ([DessertId], [DessertName], [CategoryId], [UnitPrice], [Description], [Status], [CreateTime]) VALUES (101, N'覆盆子乳酪蛋糕', 2, 1080, N'頂級乳酪搭配酸甜覆盆子，口感滑順', 1, CAST(N'2023-06-20T21:00:33.113' AS DateTime))
INSERT [dbo].[Desserts] ([DessertId], [DessertName], [CategoryId], [UnitPrice], [Description], [Status], [CreateTime]) VALUES (102, N'榴槤泡芙', 4, 680, N'濃郁榴槤內餡包裹著酥脆泡芙', 0, CAST(N'2023-06-20T21:00:33.113' AS DateTime))
INSERT [dbo].[Desserts] ([DessertId], [DessertName], [CategoryId], [UnitPrice], [Description], [Status], [CreateTime]) VALUES (103, N'香草布丁', 3, 480, N'香濃香草奶油搭配滑順布丁', 0, CAST(N'2023-06-20T21:00:33.113' AS DateTime))
INSERT [dbo].[Desserts] ([DessertId], [DessertName], [CategoryId], [UnitPrice], [Description], [Status], [CreateTime]) VALUES (104, N'巧克力焦糖塔', 2, 850, N'濃郁巧克力搭配香濃焦糖', 0, CAST(N'2023-06-20T21:00:33.113' AS DateTime))
INSERT [dbo].[Desserts] ([DessertId], [DessertName], [CategoryId], [UnitPrice], [Description], [Status], [CreateTime]) VALUES (105, N'蘋果肉桂蛋糕', 1, 980, N'香甜蘋果蛋糕灑上肉桂粉', 0, CAST(N'2023-06-20T21:00:33.113' AS DateTime))
INSERT [dbo].[Desserts] ([DessertId], [DessertName], [CategoryId], [UnitPrice], [Description], [Status], [CreateTime]) VALUES (106, N'草莓奶油泡芙', 4, 520, N'酸甜草莓搭配香滑奶油', 0, CAST(N'2023-06-20T21:00:33.113' AS DateTime))
INSERT [dbo].[Desserts] ([DessertId], [DessertName], [CategoryId], [UnitPrice], [Description], [Status], [CreateTime]) VALUES (107, N'焦糖香蕉布丁', 3, 590, N'香濃焦糖和香甜香蕉結合在布丁中', 0, CAST(N'2023-06-20T21:00:33.113' AS DateTime))
INSERT [dbo].[Desserts] ([DessertId], [DessertName], [CategoryId], [UnitPrice], [Description], [Status], [CreateTime]) VALUES (108, N'抹茶巧克力泡芙', 4, 620, N'濃郁抹茶內餡搭配香甜巧克力', 1, CAST(N'2023-06-20T21:00:33.113' AS DateTime))
INSERT [dbo].[Desserts] ([DessertId], [DessertName], [CategoryId], [UnitPrice], [Description], [Status], [CreateTime]) VALUES (109, N'藍莓芝士蛋糕', 2, 1280, N'頂級芝士搭配酸甜藍莓，口感滑順', 1, CAST(N'2023-06-20T21:00:33.113' AS DateTime))
INSERT [dbo].[Desserts] ([DessertId], [DessertName], [CategoryId], [UnitPrice], [Description], [Status], [CreateTime]) VALUES (110, N'焦糖拿鐵布朗尼', 3, 680, N'香濃焦糖和濃郁拿鐵的美味組合', 1, CAST(N'2023-06-20T21:00:33.113' AS DateTime))
INSERT [dbo].[Desserts] ([DessertId], [DessertName], [CategoryId], [UnitPrice], [Description], [Status], [CreateTime]) VALUES (111, N'檸檬蛋糕', 1, 750, N'清新檸檬風味的鬆軟蛋糕', 1, CAST(N'2023-06-20T21:00:33.113' AS DateTime))
INSERT [dbo].[Desserts] ([DessertId], [DessertName], [CategoryId], [UnitPrice], [Description], [Status], [CreateTime]) VALUES (112, N'覆盆子塔', 2, 850, N'酸甜覆盆子搭配香脆塔皮，口感豐富', 1, CAST(N'2023-06-20T21:00:33.113' AS DateTime))
INSERT [dbo].[Desserts] ([DessertId], [DessertName], [CategoryId], [UnitPrice], [Description], [Status], [CreateTime]) VALUES (113, N'焦糖杏仁泡芙', 4, 580, N'香濃焦糖和脆口杏仁的美味組合', 1, CAST(N'2023-06-20T21:00:33.113' AS DateTime))
INSERT [dbo].[Desserts] ([DessertId], [DessertName], [CategoryId], [UnitPrice], [Description], [Status], [CreateTime]) VALUES (114, N'香草藍莓布丁', 3, 590, N'香濃香草奶油搭配酸甜藍莓布丁', 1, CAST(N'2023-06-20T21:00:33.113' AS DateTime))
INSERT [dbo].[Desserts] ([DessertId], [DessertName], [CategoryId], [UnitPrice], [Description], [Status], [CreateTime]) VALUES (115, N'巧克力草莓蛋糕', 1, 1280, N'濃郁巧克力蛋糕中夾著新鮮草莓', 1, CAST(N'2023-06-20T21:00:33.113' AS DateTime))
INSERT [dbo].[Desserts] ([DessertId], [DessertName], [CategoryId], [UnitPrice], [Description], [Status], [CreateTime]) VALUES (116, N'焦糖松露', 2, 680, N'香濃焦糖包裹著濃郁巧克力松露', 1, CAST(N'2023-06-20T21:00:33.113' AS DateTime))
INSERT [dbo].[Desserts] ([DessertId], [DessertName], [CategoryId], [UnitPrice], [Description], [Status], [CreateTime]) VALUES (117, N'草莓巧克力塔', 1, 850, N'酸甜草莓搭配濃郁巧克力，口感豐富', 1, CAST(N'2023-06-20T21:00:33.113' AS DateTime))
INSERT [dbo].[Desserts] ([DessertId], [DessertName], [CategoryId], [UnitPrice], [Description], [Status], [CreateTime]) VALUES (118, N'檸檬乳酪蛋糕', 2, 980, N'頂級乳酪搭配清新檸檬，口感滑順', 1, CAST(N'2023-06-20T21:00:33.113' AS DateTime))
INSERT [dbo].[Desserts] ([DessertId], [DessertName], [CategoryId], [UnitPrice], [Description], [Status], [CreateTime]) VALUES (119, N'香草擠花慕斯蛋糕', 1, 1380, N'香草擠花與滑順慕斯的絕妙組合', 1, CAST(N'2023-06-20T21:00:33.000' AS DateTime))
INSERT [dbo].[Desserts] ([DessertId], [DessertName], [CategoryId], [UnitPrice], [Description], [Status], [CreateTime]) VALUES (120, N'巧克力覆盆子泡芙', 4, 620, N'濃郁巧克力內餡搭配酸甜覆盆子', 1, CAST(N'2023-06-20T21:00:33.113' AS DateTime))
INSERT [dbo].[Desserts] ([DessertId], [DessertName], [CategoryId], [UnitPrice], [Description], [Status], [CreateTime]) VALUES (121, N'焦糖香蕉布朗尼', 1, 680, N'香濃焦糖和香甜香蕉的美味組合', 1, CAST(N'2023-06-20T21:00:33.113' AS DateTime))
INSERT [dbo].[Desserts] ([DessertId], [DessertName], [CategoryId], [UnitPrice], [Description], [Status], [CreateTime]) VALUES (122, N'抹茶白巧克力塔', 2, 850, N'濃郁抹茶搭配香甜白巧克力', 1, CAST(N'2023-06-20T21:00:33.113' AS DateTime))
INSERT [dbo].[Desserts] ([DessertId], [DessertName], [CategoryId], [UnitPrice], [Description], [Status], [CreateTime]) VALUES (123, N'藍莓卡士達泡芙', 4, 520, N'酸甜藍莓搭配滑順卡士達醬', 1, CAST(N'2023-06-20T21:00:33.113' AS DateTime))
INSERT [dbo].[Desserts] ([DessertId], [DessertName], [CategoryId], [UnitPrice], [Description], [Status], [CreateTime]) VALUES (124, N'葡萄乳酪蛋糕', 2, 1080, N'頂級乳酪搭配甜蜜葡萄，口感滑順', 1, CAST(N'2023-06-20T21:00:33.113' AS DateTime))
INSERT [dbo].[Desserts] ([DessertId], [DessertName], [CategoryId], [UnitPrice], [Description], [Status], [CreateTime]) VALUES (125, N'焦糖提拉米蘇', 3, 980, N'經典意大利甜點，濃郁焦糖和咖啡', 1, CAST(N'2023-06-20T21:00:33.113' AS DateTime))
INSERT [dbo].[Desserts] ([DessertId], [DessertName], [CategoryId], [UnitPrice], [Description], [Status], [CreateTime]) VALUES (126, N'香草巧克力泡芙', 4, 550, N'香濃香草奶油搭配濃郁巧克力', 1, CAST(N'2023-06-20T21:00:33.113' AS DateTime))
INSERT [dbo].[Desserts] ([DessertId], [DessertName], [CategoryId], [UnitPrice], [Description], [Status], [CreateTime]) VALUES (127, N'櫻花塔', 2, 920, N'精緻櫻花外觀，內含多種口味', 1, CAST(N'2023-06-20T21:00:33.113' AS DateTime))
INSERT [dbo].[Desserts] ([DessertId], [DessertName], [CategoryId], [UnitPrice], [Description], [Status], [CreateTime]) VALUES (128, N'香蕉肉桂泡芙', 4, 520, N'香甜香蕉內餡搭配肉桂風味', 1, CAST(N'2023-06-20T21:00:33.113' AS DateTime))
INSERT [dbo].[Desserts] ([DessertId], [DessertName], [CategoryId], [UnitPrice], [Description], [Status], [CreateTime]) VALUES (129, N'香草千層蛋糕', 3, 1380, N'層層鬆軟蛋糕中夾著香草奶油', 1, CAST(N'2023-06-20T21:00:33.113' AS DateTime))
INSERT [dbo].[Desserts] ([DessertId], [DessertName], [CategoryId], [UnitPrice], [Description], [Status], [CreateTime]) VALUES (130, N'巧克力杏仁塔', 1, 780, N'濃郁巧克力搭配香脆杏仁', 1, CAST(N'2023-06-20T21:00:33.113' AS DateTime))
INSERT [dbo].[Desserts] ([DessertId], [DessertName], [CategoryId], [UnitPrice], [Description], [Status], [CreateTime]) VALUES (131, N'芒果布丁', 3, 550, N'新鮮芒果和香滑布丁的絕妙組合', 1, CAST(N'2023-06-20T21:00:33.113' AS DateTime))
INSERT [dbo].[Desserts] ([DessertId], [DessertName], [CategoryId], [UnitPrice], [Description], [Status], [CreateTime]) VALUES (132, N'提拉米蘇', 2, 980, N'經典意大利甜點，濃郁咖啡和香醇奶酒', 1, CAST(N'2023-06-20T21:00:33.113' AS DateTime))
INSERT [dbo].[Desserts] ([DessertId], [DessertName], [CategoryId], [UnitPrice], [Description], [Status], [CreateTime]) VALUES (133, N'草莓巧克力泡芙', 4, 620, N'酸甜草莓搭配濃郁巧克力', 1, CAST(N'2023-06-20T21:00:33.113' AS DateTime))
INSERT [dbo].[Desserts] ([DessertId], [DessertName], [CategoryId], [UnitPrice], [Description], [Status], [CreateTime]) VALUES (134, N'焦糖奶油布朗尼', 1, 680, N'香濃焦糖和濃郁奶油結合在一起', 1, CAST(N'2023-06-20T21:00:33.113' AS DateTime))
INSERT [dbo].[Desserts] ([DessertId], [DessertName], [CategoryId], [UnitPrice], [Description], [Status], [CreateTime]) VALUES (135, N'抹茶白巧克力塔', 2, 850, N'濃郁抹茶搭配香甜白巧克力', 0, CAST(N'2023-06-20T21:00:33.113' AS DateTime))
INSERT [dbo].[Desserts] ([DessertId], [DessertName], [CategoryId], [UnitPrice], [Description], [Status], [CreateTime]) VALUES (136, N'草莓卡士達泡芙', 4, 520, N'酸甜草莓搭配滑順卡士達醬', 0, CAST(N'2023-06-20T21:00:33.113' AS DateTime))
INSERT [dbo].[Desserts] ([DessertId], [DessertName], [CategoryId], [UnitPrice], [Description], [Status], [CreateTime]) VALUES (137, N'藍莓慕斯蛋糕', 1, 1180, N'酸甜藍莓與濃郁慕斯的絕妙組合', 0, CAST(N'2023-06-20T21:00:33.113' AS DateTime))
INSERT [dbo].[Desserts] ([DessertId], [DessertName], [CategoryId], [UnitPrice], [Description], [Status], [CreateTime]) VALUES (138, N'焦糖拿鐵布朗尼', 3, 680, N'香濃焦糖和濃郁拿鐵的美味組合', 1, CAST(N'2023-06-20T21:00:33.113' AS DateTime))
INSERT [dbo].[Desserts] ([DessertId], [DessertName], [CategoryId], [UnitPrice], [Description], [Status], [CreateTime]) VALUES (139, N'檸檬蛋糕', 1, 750, N'清新檸檬風味的鬆軟蛋糕', 1, CAST(N'2023-06-20T21:00:33.113' AS DateTime))
INSERT [dbo].[Desserts] ([DessertId], [DessertName], [CategoryId], [UnitPrice], [Description], [Status], [CreateTime]) VALUES (140, N'覆盆子塔', 2, 850, N'酸甜覆盆子搭配香脆塔皮，口感豐富', 1, CAST(N'2023-06-20T21:00:33.113' AS DateTime))
INSERT [dbo].[Desserts] ([DessertId], [DessertName], [CategoryId], [UnitPrice], [Description], [Status], [CreateTime]) VALUES (141, N'焦糖杏仁泡芙', 4, 580, N'香濃焦糖和脆口杏仁的美味組合', 1, CAST(N'2023-06-20T21:00:33.113' AS DateTime))
INSERT [dbo].[Desserts] ([DessertId], [DessertName], [CategoryId], [UnitPrice], [Description], [Status], [CreateTime]) VALUES (142, N'香草藍莓布丁', 3, 590, N'香濃香草奶油搭配酸甜藍莓布丁', 1, CAST(N'2023-06-20T21:00:33.113' AS DateTime))
INSERT [dbo].[Desserts] ([DessertId], [DessertName], [CategoryId], [UnitPrice], [Description], [Status], [CreateTime]) VALUES (143, N'巧克力草莓蛋糕', 1, 1280, N'濃郁巧克力蛋糕中夾著新鮮草莓', 1, CAST(N'2023-06-20T21:00:33.113' AS DateTime))
INSERT [dbo].[Desserts] ([DessertId], [DessertName], [CategoryId], [UnitPrice], [Description], [Status], [CreateTime]) VALUES (144, N'焦糖松露', 2, 680, N'香濃焦糖包裹著濃郁巧克力松露', 1, CAST(N'2023-06-20T21:00:33.113' AS DateTime))
INSERT [dbo].[Desserts] ([DessertId], [DessertName], [CategoryId], [UnitPrice], [Description], [Status], [CreateTime]) VALUES (145, N'草莓巧克力塔', 1, 850, N'酸甜草莓搭配濃郁巧克力，口感豐富', 1, CAST(N'2023-06-20T21:00:33.113' AS DateTime))
INSERT [dbo].[Desserts] ([DessertId], [DessertName], [CategoryId], [UnitPrice], [Description], [Status], [CreateTime]) VALUES (146, N'檸檬乳酪蛋糕', 2, 980, N'頂級乳酪搭配清新檸檬，口感滑順', 1, CAST(N'2023-06-20T21:00:33.113' AS DateTime))
INSERT [dbo].[Desserts] ([DessertId], [DessertName], [CategoryId], [UnitPrice], [Description], [Status], [CreateTime]) VALUES (147, N'榴槤慕斯蛋糕', 1, 1380, N'濃郁榴槤與滑順慕斯的絕妙組合', 1, CAST(N'2023-06-20T21:00:33.113' AS DateTime))
INSERT [dbo].[Desserts] ([DessertId], [DessertName], [CategoryId], [UnitPrice], [Description], [Status], [CreateTime]) VALUES (148, N'巧克力覆盆子泡芙', 4, 620, N'濃郁巧克力內餡搭配酸甜覆盆子', 1, CAST(N'2023-06-20T21:00:33.113' AS DateTime))
INSERT [dbo].[Desserts] ([DessertId], [DessertName], [CategoryId], [UnitPrice], [Description], [Status], [CreateTime]) VALUES (149, N'焦糖香蕉布丹尼', 1, 680, N'香濃焦糖和香甜香蕉的美味組合', 1, CAST(N'2023-06-20T21:00:33.113' AS DateTime))
INSERT [dbo].[Desserts] ([DessertId], [DessertName], [CategoryId], [UnitPrice], [Description], [Status], [CreateTime]) VALUES (150, N'抹茶白巧克力塔', 2, 850, N'濃郁抹茶搭配香甜白巧克力', 1, CAST(N'2023-06-20T21:00:33.113' AS DateTime))
INSERT [dbo].[Desserts] ([DessertId], [DessertName], [CategoryId], [UnitPrice], [Description], [Status], [CreateTime]) VALUES (151, N'藍莓卡士達泡芙', 4, 520, N'酸甜藍莓搭配滑順卡士達醬', 1, CAST(N'2023-06-20T21:00:33.113' AS DateTime))
INSERT [dbo].[Desserts] ([DessertId], [DessertName], [CategoryId], [UnitPrice], [Description], [Status], [CreateTime]) VALUES (152, N'葡萄乳酪蛋糕', 2, 1080, N'頂級乳酪搭配甜蜜葡萄，口感滑順', 1, CAST(N'2023-06-20T21:00:33.113' AS DateTime))
INSERT [dbo].[Desserts] ([DessertId], [DessertName], [CategoryId], [UnitPrice], [Description], [Status], [CreateTime]) VALUES (153, N'焦糖提拉米蘇', 3, 980, N'經典意大利甜點，濃郁焦糖和咖啡', 1, CAST(N'2023-06-20T21:00:33.113' AS DateTime))
INSERT [dbo].[Desserts] ([DessertId], [DessertName], [CategoryId], [UnitPrice], [Description], [Status], [CreateTime]) VALUES (154, N'香草巧克力泡芙', 4, 550, N'香濃香草奶油搭配濃郁巧克力', 1, CAST(N'2023-06-20T21:00:33.113' AS DateTime))
INSERT [dbo].[Desserts] ([DessertId], [DessertName], [CategoryId], [UnitPrice], [Description], [Status], [CreateTime]) VALUES (155, N'櫻花塔', 2, 920, N'精緻櫻花外觀，內含多種口味', 1, CAST(N'2023-06-20T21:00:33.113' AS DateTime))
INSERT [dbo].[Desserts] ([DessertId], [DessertName], [CategoryId], [UnitPrice], [Description], [Status], [CreateTime]) VALUES (156, N'香蕉肉桂泡芙', 4, 520, N'香甜香蕉內餡搭配肉桂風味', 1, CAST(N'2023-06-20T21:00:33.113' AS DateTime))
INSERT [dbo].[Desserts] ([DessertId], [DessertName], [CategoryId], [UnitPrice], [Description], [Status], [CreateTime]) VALUES (157, N'香草千層蛋糕', 3, 1380, N'層層鬆軟蛋糕中夾著香草奶油', 1, CAST(N'2023-06-20T21:00:33.113' AS DateTime))
INSERT [dbo].[Desserts] ([DessertId], [DessertName], [CategoryId], [UnitPrice], [Description], [Status], [CreateTime]) VALUES (158, N'巧克力杏仁塔', 1, 780, N'濃郁巧克力搭配香脆杏仁', 1, CAST(N'2023-06-20T21:00:33.113' AS DateTime))
INSERT [dbo].[Desserts] ([DessertId], [DessertName], [CategoryId], [UnitPrice], [Description], [Status], [CreateTime]) VALUES (159, N'芒果布丁', 3, 550, N'新鮮芒果和香滑布丁的絕妙組合', 0, CAST(N'2023-06-20T21:00:33.113' AS DateTime))
INSERT [dbo].[Desserts] ([DessertId], [DessertName], [CategoryId], [UnitPrice], [Description], [Status], [CreateTime]) VALUES (160, N'提拉米蘇', 2, 980, N'經典意大利甜點，濃郁咖啡和香醇奶酒', 1, CAST(N'2023-06-20T21:00:33.113' AS DateTime))
INSERT [dbo].[Desserts] ([DessertId], [DessertName], [CategoryId], [UnitPrice], [Description], [Status], [CreateTime]) VALUES (161, N'草莓巧克力泡芙', 4, 620, N'酸甜草莓搭配濃郁巧克力', 1, CAST(N'2023-06-20T21:00:33.113' AS DateTime))
INSERT [dbo].[Desserts] ([DessertId], [DessertName], [CategoryId], [UnitPrice], [Description], [Status], [CreateTime]) VALUES (162, N'焦糖奶油布朗尼', 1, 680, N'香濃焦糖和濃郁奶油結合在一起', 1, CAST(N'2023-06-20T21:00:33.113' AS DateTime))
INSERT [dbo].[Desserts] ([DessertId], [DessertName], [CategoryId], [UnitPrice], [Description], [Status], [CreateTime]) VALUES (163, N'抹茶白巧克力塔', 2, 850, N'濃郁抹茶搭配香甜白巧克力', 1, CAST(N'2023-06-20T21:00:33.113' AS DateTime))
INSERT [dbo].[Desserts] ([DessertId], [DessertName], [CategoryId], [UnitPrice], [Description], [Status], [CreateTime]) VALUES (164, N'草莓卡士達泡芙', 4, 520, N'酸甜草莓搭配滑順卡士達醬', 1, CAST(N'2023-06-20T21:00:33.113' AS DateTime))
INSERT [dbo].[Desserts] ([DessertId], [DessertName], [CategoryId], [UnitPrice], [Description], [Status], [CreateTime]) VALUES (165, N'藍莓慕斯蛋糕', 1, 1180, N'酸甜藍莓與濃郁慕斯的絕妙組合', 1, CAST(N'2023-06-20T21:00:33.113' AS DateTime))
INSERT [dbo].[Desserts] ([DessertId], [DessertName], [CategoryId], [UnitPrice], [Description], [Status], [CreateTime]) VALUES (166, N'焦糖拿鐵布朗尼', 3, 680, N'香濃焦糖和濃郁拿鐵的美味組合', 1, CAST(N'2023-06-20T21:00:33.113' AS DateTime))
INSERT [dbo].[Desserts] ([DessertId], [DessertName], [CategoryId], [UnitPrice], [Description], [Status], [CreateTime]) VALUES (167, N'檸檬蛋糕', 1, 750, N'清新檸檬風味的鬆軟蛋糕', 1, CAST(N'2023-06-20T21:00:33.113' AS DateTime))
INSERT [dbo].[Desserts] ([DessertId], [DessertName], [CategoryId], [UnitPrice], [Description], [Status], [CreateTime]) VALUES (168, N'覆盆子塔', 2, 850, N'酸甜覆盆子搭配香脆塔皮，口感豐富', 1, CAST(N'2023-06-20T21:00:33.113' AS DateTime))
INSERT [dbo].[Desserts] ([DessertId], [DessertName], [CategoryId], [UnitPrice], [Description], [Status], [CreateTime]) VALUES (169, N'焦糖杏仁泡芙', 4, 580, N'香濃焦糖和脆口杏仁的美味組合', 1, CAST(N'2023-06-20T21:00:33.113' AS DateTime))
INSERT [dbo].[Desserts] ([DessertId], [DessertName], [CategoryId], [UnitPrice], [Description], [Status], [CreateTime]) VALUES (170, N'香草藍莓布丁', 3, 590, N'香濃香草奶油搭配酸甜藍莓布丁', 1, CAST(N'2023-06-20T21:00:33.113' AS DateTime))
INSERT [dbo].[Desserts] ([DessertId], [DessertName], [CategoryId], [UnitPrice], [Description], [Status], [CreateTime]) VALUES (171, N'巧克力草莓蛋糕', 1, 1280, N'濃郁巧克力蛋糕中夾著新鮮草莓', 1, CAST(N'2023-06-20T21:00:33.113' AS DateTime))
INSERT [dbo].[Desserts] ([DessertId], [DessertName], [CategoryId], [UnitPrice], [Description], [Status], [CreateTime]) VALUES (172, N'焦糖松露', 2, 680, N'香濃焦糖包裹著濃郁巧克力松露', 1, CAST(N'2023-06-20T21:00:33.113' AS DateTime))
INSERT [dbo].[Desserts] ([DessertId], [DessertName], [CategoryId], [UnitPrice], [Description], [Status], [CreateTime]) VALUES (173, N'草莓巧克力塔', 1, 850, N'酸甜草莓搭配濃郁巧克力，口感豐富', 1, CAST(N'2023-06-20T21:00:33.113' AS DateTime))
INSERT [dbo].[Desserts] ([DessertId], [DessertName], [CategoryId], [UnitPrice], [Description], [Status], [CreateTime]) VALUES (174, N'檸檬乳酪蛋糕', 2, 980, N'頂級乳酪搭配清新檸檬，口感滑順', 1, CAST(N'2023-06-20T21:00:33.113' AS DateTime))
INSERT [dbo].[Desserts] ([DessertId], [DessertName], [CategoryId], [UnitPrice], [Description], [Status], [CreateTime]) VALUES (175, N'榴槤慕斯蛋糕', 1, 1380, N'濃郁榴槤與滑順慕斯的絕妙組合', 0, CAST(N'2023-06-20T21:00:33.113' AS DateTime))
INSERT [dbo].[Desserts] ([DessertId], [DessertName], [CategoryId], [UnitPrice], [Description], [Status], [CreateTime]) VALUES (176, N'巧克力覆盆子泡芙', 4, 620, N'濃郁巧克力內餡搭配酸甜覆盆子', 1, CAST(N'2023-06-20T21:00:33.113' AS DateTime))
INSERT [dbo].[Desserts] ([DessertId], [DessertName], [CategoryId], [UnitPrice], [Description], [Status], [CreateTime]) VALUES (177, N'焦糖香蕉布朗尼', 1, 680, N'香濃焦糖和香甜香蕉的美味組合', 1, CAST(N'2023-06-20T21:00:33.113' AS DateTime))
INSERT [dbo].[Desserts] ([DessertId], [DessertName], [CategoryId], [UnitPrice], [Description], [Status], [CreateTime]) VALUES (178, N'抹茶白巧克力塔', 2, 850, N'濃郁抹茶搭配香甜白巧克力', 1, CAST(N'2023-06-20T21:00:33.113' AS DateTime))
INSERT [dbo].[Desserts] ([DessertId], [DessertName], [CategoryId], [UnitPrice], [Description], [Status], [CreateTime]) VALUES (179, N'藍莓卡士達泡芙', 4, 520, N'酸甜藍莓搭配滑順卡士達醬', 1, CAST(N'2023-06-20T21:00:33.113' AS DateTime))
INSERT [dbo].[Desserts] ([DessertId], [DessertName], [CategoryId], [UnitPrice], [Description], [Status], [CreateTime]) VALUES (180, N'葡萄乳酪蛋糕', 2, 1080, N'頂級乳酪搭配甜蜜葡萄，口感滑順', 1, CAST(N'2023-06-20T21:00:33.113' AS DateTime))
INSERT [dbo].[Desserts] ([DessertId], [DessertName], [CategoryId], [UnitPrice], [Description], [Status], [CreateTime]) VALUES (181, N'焦糖提拉米蘇', 3, 980, N'經典意大利甜點，濃郁焦糖和咖啡', 1, CAST(N'2023-06-20T21:00:33.113' AS DateTime))
INSERT [dbo].[Desserts] ([DessertId], [DessertName], [CategoryId], [UnitPrice], [Description], [Status], [CreateTime]) VALUES (182, N'香草巧克力泡芙', 4, 550, N'香濃香草奶油搭配濃郁巧克力', 0, CAST(N'2023-06-20T21:00:33.113' AS DateTime))
INSERT [dbo].[Desserts] ([DessertId], [DessertName], [CategoryId], [UnitPrice], [Description], [Status], [CreateTime]) VALUES (183, N'提拉米蘇', 1, 350, N'提拉米蘇蛋糕濃郁的巧克力，搭配馬茲卡彭起司。', 1, CAST(N'2023-06-20T21:02:24.113' AS DateTime))
INSERT [dbo].[Desserts] ([DessertId], [DessertName], [CategoryId], [UnitPrice], [Description], [Status], [CreateTime]) VALUES (184, N'巧克力熔岩蛋糕', 2, 350, N'巧克力熔岩蛋糕外酥內軟，一切下去，濃郁的巧克力熔岩便會流出來。', 1, CAST(N'2023-06-20T21:02:24.113' AS DateTime))
INSERT [dbo].[Desserts] ([DessertId], [DessertName], [CategoryId], [UnitPrice], [Description], [Status], [CreateTime]) VALUES (185, N'紅絲絨千層蛋糕', 1, 450, N'紅絲絨千層蛋糕層層疊疊，每一層都滿滿的香甜紅絲絨蛋糕與奶油，每一口都是絕對的享受。', 1, CAST(N'2023-06-20T21:02:24.113' AS DateTime))
INSERT [dbo].[Desserts] ([DessertId], [DessertName], [CategoryId], [UnitPrice], [Description], [Status], [CreateTime]) VALUES (186, N'法式焦糖布蕾', 3, 320, N'法式焦糖布蕾外脆內嫩，每一口都能感受到焦糖的滑順口感，搭配淡淡的香草風味，讓人愛不釋手。', 1, CAST(N'2023-06-20T21:02:24.113' AS DateTime))
INSERT [dbo].[Desserts] ([DessertId], [DessertName], [CategoryId], [UnitPrice], [Description], [Status], [CreateTime]) VALUES (187, N'抹茶雪花冰淇淋捲', 3, 380, N'抹茶雪花冰淇淋捲有著濃郁的抹茶口味，外層捲上了薄薄的雪花冰淇淋，清涼又美味。', 1, CAST(N'2023-06-20T21:02:24.113' AS DateTime))
INSERT [dbo].[Desserts] ([DessertId], [DessertName], [CategoryId], [UnitPrice], [Description], [Status], [CreateTime]) VALUES (188, N'芒果慕斯塔爾特', 3, 320, N'芒果慕斯塔爾特融合了新鮮芒果和鬆軟慕斯，每一口都帶來水果的甜蜜和慕斯的綿密口感。', 1, CAST(N'2023-06-20T21:02:24.113' AS DateTime))
INSERT [dbo].[Desserts] ([DessertId], [DessertName], [CategoryId], [UnitPrice], [Description], [Status], [CreateTime]) VALUES (189, N'焦糖杏仁塔', 3, 380, N'焦糖杏仁塔外酥內軟，口感香脆，搭配濃郁的焦糖，帶來絕妙的口味饗宴。', 1, CAST(N'2023-06-20T21:02:24.113' AS DateTime))
INSERT [dbo].[Desserts] ([DessertId], [DessertName], [CategoryId], [UnitPrice], [Description], [Status], [CreateTime]) VALUES (190, N'巧克力草莓塔', 3, 320, N'巧克力草莓塔的外層是酥脆的塔皮，內層則是滿滿的巧克力和新鮮草莓，口感豐富，酸甜交融。', 1, CAST(N'2023-06-20T21:02:24.113' AS DateTime))
INSERT [dbo].[Desserts] ([DessertId], [DessertName], [CategoryId], [UnitPrice], [Description], [Status], [CreateTime]) VALUES (191, N'藍莓起司蛋糕', 1, 420, N'藍莓起司蛋糕口感綿密濃郁，搭配新鮮藍莓的微酸，給人一種迷人的風味。', 1, CAST(N'2023-06-20T21:02:24.113' AS DateTime))
INSERT [dbo].[Desserts] ([DessertId], [DessertName], [CategoryId], [UnitPrice], [Description], [Status], [CreateTime]) VALUES (192, N'焦糖海鹽巧克力杯', 3, 350, N'焦糖海鹽巧克力杯結合了濃郁的巧克力和微鹹的海鹽，帶來一種令人上癮的口感。', 1, CAST(N'2023-06-20T21:02:24.113' AS DateTime))
INSERT [dbo].[Desserts] ([DessertId], [DessertName], [CategoryId], [UnitPrice], [Description], [Status], [CreateTime]) VALUES (193, N'草莓白巧克力慕斯', 3, 420, N'草莓白巧克力慕斯口感細膩，白巧克力的香甜和草莓的酸甜交織在一起，美味無比。', 1, CAST(N'2023-06-20T21:02:24.113' AS DateTime))
INSERT [dbo].[Desserts] ([DessertId], [DessertName], [CategoryId], [UnitPrice], [Description], [Status], [CreateTime]) VALUES (194, N'檸檬蛋糕捲', 4, 380, N'檸檬蛋糕捲以清新的檸檬為主角，搭配軟綿的蛋糕，帶來一份口感輕盈的甜點享受。', 1, CAST(N'2023-06-20T21:02:24.113' AS DateTime))
INSERT [dbo].[Desserts] ([DessertId], [DessertName], [CategoryId], [UnitPrice], [Description], [Status], [CreateTime]) VALUES (195, N'紅莓夾心餅乾', 3, 320, N'酥脆的餅乾與酸甜紅莓醬', 1, CAST(N'2023-06-20T21:02:24.113' AS DateTime))
INSERT [dbo].[Desserts] ([DessertId], [DessertName], [CategoryId], [UnitPrice], [Description], [Status], [CreateTime]) VALUES (196, N'焦糖榛子布丁', 3, 420, N'焦糖榛子布丁口感滑順，焦糖的甜味和榛子的香脆結合在一起，讓人回味無窮。', 1, CAST(N'2023-06-20T21:02:24.113' AS DateTime))
INSERT [dbo].[Desserts] ([DessertId], [DessertName], [CategoryId], [UnitPrice], [Description], [Status], [CreateTime]) VALUES (197, N'朱古力曲奇冰淇淋三明治', 3, 350, N'朱古力曲奇冰淇淋三明治結合了濃郁的朱古力和酥脆的曲奇，冰涼的口感讓人愛不釋手。', 1, CAST(N'2023-06-20T21:02:24.113' AS DateTime))
INSERT [dbo].[Desserts] ([DessertId], [DessertName], [CategoryId], [UnitPrice], [Description], [Status], [CreateTime]) VALUES (198, N'香草莓果塔', 3, 210, N'香草莓果塔以香氣四溢的香草為底，配上新鮮草莓，帶來一份甜蜜的口感享受。', 1, CAST(N'2023-06-20T21:02:24.113' AS DateTime))
INSERT [dbo].[Desserts] ([DessertId], [DessertName], [CategoryId], [UnitPrice], [Description], [Status], [CreateTime]) VALUES (199, N'巧克力杏仁酥脆球', 3, 320, N'巧克力杏仁酥脆球外層酥脆，內層包裹著香脆的杏仁和美味的巧克力，讓人愛不釋手。', 1, CAST(N'2023-06-20T21:02:24.113' AS DateTime))
GO
INSERT [dbo].[Desserts] ([DessertId], [DessertName], [CategoryId], [UnitPrice], [Description], [Status], [CreateTime]) VALUES (200, N'焦糖香蕉布朗尼', 1, 420, N'焦糖香蕉布朗尼口感濃郁，焦糖的甜味與香蕉的香甜完美結合，給人一種極致的享受。', 1, CAST(N'2023-06-20T21:02:24.113' AS DateTime))
INSERT [dbo].[Desserts] ([DessertId], [DessertName], [CategoryId], [UnitPrice], [Description], [Status], [CreateTime]) VALUES (201, N'蘋果肉桂派', 3, 380, N'蘋果肉桂派以新鮮蘋果為主角，搭配香氣四溢的肉桂，帶來一份溫暖的口感和香料風味。', 1, CAST(N'2023-06-20T21:02:24.113' AS DateTime))
INSERT [dbo].[Desserts] ([DessertId], [DessertName], [CategoryId], [UnitPrice], [Description], [Status], [CreateTime]) VALUES (202, N'櫻花杏仁蛋糕捲', 4, 350, N'櫻花杏仁蛋糕捲以柔滑的杏仁為底，點綴著櫻花花瓣，帶來一份優雅的口感和花香味道。', 1, CAST(N'2023-06-20T21:02:24.113' AS DateTime))
INSERT [dbo].[Desserts] ([DessertId], [DessertName], [CategoryId], [UnitPrice], [Description], [Status], [CreateTime]) VALUES (207, N'巧克力波士頓派 ', 1, 450, N'百年傳統', 1, CAST(N'2023-06-22T01:08:37.047' AS DateTime))
INSERT [dbo].[Desserts] ([DessertId], [DessertName], [CategoryId], [UnitPrice], [Description], [Status], [CreateTime]) VALUES (209, N'老奶奶檸檬蛋糕', 1, 450, N'使用新鮮檸檬製作香氣天然，濕潤蛋糕體上層使用新鮮檸檬汁
加入檸檬皮製作的檸檬糖霜，入口清爽無負擔。甜蜜中帶檸檬酸香
深受大大小小的喜愛，快來吃一口夏日風情吧！', 1, CAST(N'2023-06-22T17:50:22.303' AS DateTime))
INSERT [dbo].[Desserts] ([DessertId], [DessertName], [CategoryId], [UnitPrice], [Description], [Status], [CreateTime]) VALUES (210, N'大溪地香草蘭姆可麗露', 3, 400, N'產地原料 |法國麵粉 葉黃素機能蛋 新鮮香草莢', 1, CAST(N'2023-06-22T18:58:06.677' AS DateTime))
INSERT [dbo].[Desserts] ([DessertId], [DessertName], [CategoryId], [UnitPrice], [Description], [Status], [CreateTime]) VALUES (211, N'達克瓦茲禮盒(巧克力口味)', 5, 435, N'巧克力口味的', 1, CAST(N'2023-06-23T13:01:35.610' AS DateTime))
INSERT [dbo].[Desserts] ([DessertId], [DessertName], [CategoryId], [UnitPrice], [Description], [Status], [CreateTime]) VALUES (212, N'達克瓦茲禮盒(巧克力口味)', 5, 435, N'巧克力口味的', 1, CAST(N'2023-06-23T13:03:43.610' AS DateTime))
INSERT [dbo].[Desserts] ([DessertId], [DessertName], [CategoryId], [UnitPrice], [Description], [Status], [CreateTime]) VALUES (213, N'達克瓦茲禮盒(巧克力口味)', 5, 435, N'好吃的達克瓦茲', 1, CAST(N'2023-06-23T13:04:18.740' AS DateTime))
INSERT [dbo].[Desserts] ([DessertId], [DessertName], [CategoryId], [UnitPrice], [Description], [Status], [CreateTime]) VALUES (214, N'達克瓦茲禮盒(巧克力口味)', 5, 435, N'巧克力口味', 1, CAST(N'2023-06-23T13:10:00.753' AS DateTime))
INSERT [dbo].[Desserts] ([DessertId], [DessertName], [CategoryId], [UnitPrice], [Description], [Status], [CreateTime]) VALUES (215, N'布列塔尼酥餅', 3, 380, N'布列塔尼三重奏當然少不了經典的布列塔尼酥餅!
濃郁奶油香氣配上些許法國鹽之花點綴，
甜中帶點鹹，讓人一口接', 0, CAST(N'2023-06-23T14:00:01.707' AS DateTime))
INSERT [dbo].[Desserts] ([DessertId], [DessertName], [CategoryId], [UnitPrice], [Description], [Status], [CreateTime]) VALUES (216, N'大溪地香草蘭姆可麗露', 3, 400, N'la vie!!!

產地原料 |
法國麵粉
葉黃素機能蛋
新鮮香草莢', 1, CAST(N'2023-06-23T14:02:23.953' AS DateTime))
INSERT [dbo].[Desserts] ([DessertId], [DessertName], [CategoryId], [UnitPrice], [Description], [Status], [CreateTime]) VALUES (217, N'巧克力波士頓派', 1, 450, N'百年傳統', 1, CAST(N'2023-06-25T13:36:34.530' AS DateTime))
INSERT [dbo].[Desserts] ([DessertId], [DessertName], [CategoryId], [UnitPrice], [Description], [Status], [CreateTime]) VALUES (218, N'巧克力波士頓派', 1, 600, N'百年傳統', 1, CAST(N'2023-06-25T13:37:03.340' AS DateTime))
INSERT [dbo].[Desserts] ([DessertId], [DessertName], [CategoryId], [UnitPrice], [Description], [Status], [CreateTime]) VALUES (219, N'鐵觀音提拉米蘇', 1, 860, N'獨家自製鐵觀音MASCARPONE CHEESE、  自然農法靈芝蛋、台灣裝園級espresso咖啡、台灣極細低溫烘焙鐵觀音
', 1, CAST(N'2023-06-25T13:40:48.543' AS DateTime))
INSERT [dbo].[Desserts] ([DessertId], [DessertName], [CategoryId], [UnitPrice], [Description], [Status], [CreateTime]) VALUES (220, N'法式經典瑪德蓮禮盒', 5, 570, N'全品項皆為蛋奶素，無添加防腐劑、抗氧化劑，請安心食用！
甜度皆固定，無法依照個人口味做調整。
部分產品含有牛奶、雞蛋、堅果、麩質穀類等，對其過敏體質者請留意。', 1, CAST(N'2023-06-26T19:04:07.180' AS DateTime))
GO
SET IDENTITY_INSERT [dbo].[Desserts] OFF
GO

--DessertImages--
SET IDENTITY_INSERT [dbo].[DessertImages] ON
INSERT [dbo].[DessertImages] ([ImageId], [DessertId], [DessertImageName]) 
VALUES 
(1, 3, N'mocha.jpg'),
(2, 151, N'truffle.jpg'),
(3, 180, N'b08c9ea6ffb6489fab2215fb4c05def9.jpg'),
(4, 22, N'lemon.jpg'),
(5, 22, N'lemon_cake.jpg'),
(6, 22, N'lemon_cheese.jpg'),
(7, 23, N'mocha.jpg'),
(8, 23, N'cake.jpg'),
(9, 24, N'strawberry.jpg'),
(10, 24, N'strawberry_cake.jpg'),
(11, 25, N'vanilla.jpg'),
(12, 26, N'matcha.jpg'),
(13, 26, N'matcha_cake.jpg'),
(14, 26, N'matcha_mousse.jpg'),
(15, 27, N'mango.jpg'),
(16, 27, N'mango_cake.jpg'),
(17, 28, N'caramel.jpg'),
(18, 28, N'caramel_cake.jpg'),
(19, 28, N'caramel_mousse.jpg'),
(20, 29, N'raspberry.jpg'),
(21, 29, N'raspberry_tart.jpg'),
(22, 30, N'banana.jpg'),
(23, 30, N'banana_choco.jpg'),
(24, 31, N'lemon.jpg'),
(25, 32, N'blueberry.jpg'),
(26, 33, N'blueberry.jpg'),
(27, 34, N'durian.jpg'),
(28, 34, N'durian_cake.jpg'),
(29, 35, N'oreo.jpg'),
(30, 35, N'oreo_cake.jpg'),
(31, 36, N'milk_tea.jpg'),
(32, 36, N'milk_tea_cake.jpg'),
(33, 36, N'milk_tea_mousse.jpg'),
(34, 180, N'366d0c7f49c8436ebf0f68a03d3f76a8.jpg'),
(35, 7, N'blueberry.jpg'),
(36, 212, N'blueberry.jpg')
SET IDENTITY_INSERT [dbo].[DessertImages] OFF
GO
--DessertTags--
SET IDENTITY_INSERT [dbo].[DessertTags] ON
INSERT [dbo].[DessertTags] ([DessertId], [DessertTagName], [DessertTagId]) VALUES (NULL, N'新品', 1)
INSERT [dbo].[DessertTags] ([DessertId], [DessertTagName], [DessertTagId]) VALUES (NULL, N'暢銷', 2)
SET IDENTITY_INSERT [dbo].[DessertTags] OFF
GO

--Specification--
SET IDENTITY_INSERT [dbo].[Specification] ON
INSERT [dbo].[Specification] ([SpecificationId], [DessertId], [Flavor], [Size]) VALUES (1, 1, NULL, N'6吋')
INSERT [dbo].[Specification] ([SpecificationId], [DessertId], [Flavor], [Size]) VALUES (2, 2, NULL, N'6吋')
INSERT [dbo].[Specification] ([SpecificationId], [DessertId], [Flavor], [Size]) VALUES (3, 3, NULL, N'4入')
INSERT [dbo].[Specification] ([SpecificationId], [DessertId], [Flavor], [Size]) VALUES (4, 217, NULL, N'6吋')
INSERT [dbo].[Specification] ([SpecificationId], [DessertId], [Flavor], [Size]) VALUES (5, 218, NULL, N'8吋')
INSERT [dbo].[Specification] ([SpecificationId], [DessertId], [Flavor], [Size]) VALUES (6, 219, NULL, N'6吋')
INSERT [dbo].[Specification] ([SpecificationId], [DessertId], [Flavor], [Size]) VALUES (7, 220, N'可可', N'9入')
SET IDENTITY_INSERT [dbo].[Specification] OFF 
GO

--Teachers--
SET IDENTITY_INSERT [dbo].[Teachers] ON
INSERT [dbo].[Teachers] ([TeacherId],[TeacherName],[TeacherImage],[Specialty],[Experience],[License],[Academic],[TeacherStatus])
VALUES
(1,'王美姬 Maggie 老師', 'teacher1.jpg', '手創立體造型饅頭', '美姬饅頭 創辦人 創新藝點餐飲培育協會 理事長 禾沐生活學苑 創意總監', '乙級烘焙食品技術士 丙級中式麵食加工-發麵類', '國立高雄餐旅學院 烘焙管理系', 1),
(2,'張小芳 Linda 老師', 'teacher2.jpg', '法式巧克力甜點', '五星級飯店甜點主廚 甜點工作坊導師', '高級烘焙技師', '法國雷諾特廚藝學校 法式甜點學程', 0),
(3,'陳大同 David 老師', 'teacher3.jpg', '歐式麵包與蛋糕', '知名烘焙書籍作者 麵包講師', '專業烘焙師證書', '瑞士廚藝管理大學', 1),
(4,'李正偉 Emily 老師', 'teacher4.jpg', '抹茶甜點與和菓子', '日本京都甜點學校畢業 專業和菓子師', '抹茶師範認證', '京都糕點麵包技術專門學校 日式糕點高級科', 0),
(5,'吳明宇 Ryan 老師', 'teacher5.jpg', '台灣傳統糕點', '台灣傳統糕點師傅 開設糕點店30年', '台灣烘焙糕點技能士證書', '國立高雄餐旅大學 烘焙管理系', 0),
(6,'林小慧 Amy 老師', 'teacher6.jpg', '健康蛋糕與無麩質甜點', '營養師出身 開設健康烘焙坊', '營養師證照', '實踐大學食品營養與保健生技學系', 1),
(7,'張光明 Kevin 老師', 'teacher7.jpg', '法國傳統麵包', '法國巴黎麵包學校畢業 主修法國麵包', '法國烘焙證書', '法國巴黎烘焙學院', 0),
(8,'王小春 Cindy 老師', 'teacher8.jpg', '美式甜點與派', '紐約知名餐廳甜點師傅', '美國烘焙證書', '康乃爾大學 飲食學系', 1),
(9,'劉文彬 Peter 老師', 'teacher9.jpg', '中式點心與月餅', '知名中式點心店店主', '中式點心技術士證書', '廣州東南國際烹飪學校 中式烹飪專業', 0),
(10,'張雅文 Alice 老師', 'teacher10.jpg', '韓式甜點與糕點', '韓國首爾著名甜點師傅', '韓國烘焙師證書', '韓國梨花女子大學食品營養系', 0),
(11,'蔡宜倫 Eric 老師', 'teacher11.jpg', '義式甜點與冰淇淋', '義大利米蘭烘焙學校畢業', '義大利烘焙證書', 'ALMA 義大利國際烹飪學院 義大利烹飪課', 1),
(12,'黃蕾 Jenny 老師', 'teacher12.jpg', '素食甜點與蛋糕', '專注於素食甜點的創作', '素食烘焙師證書', '國立餐旅大學 烘焙管理系', 0),
(13,'李大山 Sam 老師', 'teacher13.jpg', '台灣古早味糕點', '傳統古早味糕點傳人', '台灣古早味糕點技術士證書', '國立餐旅大學 烘焙管理系', 1),
(14,'許心悅 Grace 老師', 'teacher14.jpg', '東南亞甜點與點心', '旅居東南亞多年的甜點研究家', '東南亞甜點烘焙證書', '義守大學 廚藝學系', 0),
(15,'林怡君 Jessica 老師', 'teacher15.jpg', '紐約風格糕點與甜點', '曾在紐約知名烘焙坊實習', '烘焙學士學位', 'ICE Pastry & Baking Arts  糕點烘焙課程', 1),
(16,'張小娟 Annie 老師', 'teacher16.jpg', '澳洲特色甜點與餅乾', '澳洲墨爾本烘焙學院畢業', '澳洲烘焙證書', '澳洲威廉安格理斯學院 烘焙課程', 1),
(17,'陳思宇 Jimmy 老師', 'teacher17.jpg', '季節限定甜點', '季節甜點專家', '專業季節限定烘焙師證書', '國立嘉義大學 食品科學系', 1),
(18,'謝怡君 Sophia 老師', 'teacher18.jpg', '咖啡糕點與配方開發', '糕點與咖啡專家', '糕點與咖啡師證書', '國立高雄餐旅學院 烘焙管理系', 1),
(19,'王明輝 Ray 老師', 'teacher19.jpg', '酵母麵包與麵團製作', '酵母麵包達人', '酵母麵包師證書', '國立屏東科技大學 餐旅管理系', 0),
(20,'李小琳 Lily 老師', 'teacher20.jpg', '糖霜塗餅與裝飾技巧', '糖霜塗餅專家', '糖霜塗餅師證書', '弘光科技大學 餐旅管理系', 1),
(21,'陳思婷 Tina 老師', 'teacher21.jpg', '歐式傳統糕點', '歐洲傳統糕點學院畢業 主修法式糕點', '歐洲烘焙證書', '景文技術學院 餐飲管理系', 0),
(22,'黃明達 Tony 老師', 'teacher22.jpg', '亞洲口味甜點', '亞洲甜點研究專家', '亞洲烘焙學士學位', '元培科技大學 餐飲管理系', 1),
(23,'張宇翔 Alex 老師', 'teacher23.jpg', '創意糕點與造型蛋糕', '糕點藝術創作者', '創意糕點師證書', '嘉南科技大學 餐旅管理系', 0),
(24,'蔡心怡 Lisa 老師', 'teacher24.jpg', '優格甜點與無糖烘焙', '健康無糖烘焙專家', '烘焙學士學位', '國立高雄餐旅學院 烘焙管理系', 1),
(25,'王正偉 Alan 老師', 'teacher25.jpg', '麵粉製作與配方開發', '專業麵粉配方師', '烘焙學士學位', '國立高雄餐旅學院 烘焙學程', 0),
(26,'楊靜宜 Rachel 老師', 'teacher26.jpg', '台灣特色糕點與點心', '台灣傳統糕點傳承者', '台灣烘焙技術師證書', '義守大學 廚藝學系', 1),
(27,'吳家豪 Andy 老師', 'teacher27.jpg', '西式甜點與塔', '西點廚師出身', '西點烘焙學士學位', '景文科大餐飲管理系', 1),
(28,'陳怡伶 Irene 老師', 'teacher28.jpg', '水果甜點與凍品', '水果甜點設計師', '水果甜點師證書', '崑山科技大學餐飲管理及廚藝系', 0),
(29,'張小雅 Mia 老師', 'teacher29.jpg', '亞洲口味糕點', '亞洲糕點專家', '亞洲烘焙技術士證書', '廣州東南國際烹飪學校  西式麵點', 1),
(30,'劉家銘 Henry 老師', 'teacher30.jpg', '葡萄牙傳統糕點', '葡萄牙糕點學院畢業 主修葡式糕點', '葡萄牙烘焙證書', '法國藍帶 甜點課程', 0)
SET IDENTITY_INSERT [dbo].[Teachers] OFF
GO

--LessonCategories--
SET IDENTITY_INSERT [dbo].[LessonCategories] ON
INSERT [dbo].[LessonCategories] ([LessonCategoryId], [LessonCategoryName]) VALUES (1, N'小蛋糕')
INSERT [dbo].[LessonCategories] ([LessonCategoryId], [LessonCategoryName]) VALUES (2, N'餅乾')
INSERT [dbo].[LessonCategories] ([LessonCategoryId], [LessonCategoryName]) VALUES (3, N'點心')
SET IDENTITY_INSERT [dbo].[LessonCategories] OFF
GO

--Lessons--
SET IDENTITY_INSERT [dbo].[Lessons] ON
INSERT [dbo].[Lessons] ([LessonId], [LessonCategoryId], [TeacherId], [LessonTitle], [LessonInfo], [LessonDetail], [LessonDessert], [LessonTime], [LessonHours], [MaximumCapacity], [LessonPrice], [LessonStatus], [CreateTime])
VALUES
(1, 1, 10, '手工製作巧克力杯子蛋糕', '巧克力的濃郁和杯子蛋糕的綿密口感相互呼應。', '在這個課程中，您將學習手工製作巧克力杯子蛋糕。從杯子蛋糕的製作、巧克力醬料到最後的裝飾，讓您的巧克力杯子蛋糕香氣撲鼻、口感綿密。', '巧克力杯子蛋糕 8 個', '2023-06-20 14:00:00', 2, 12, 2300, 1, GETDATE()),
(2, 1, 15, '手工製作焦糖巧克力塔', '焦糖的香甜和巧克力塔的濃郁相得益彰。', '在這個課程中，您將學習手工製作焦糖巧克力塔。從塔皮的製作、焦糖餡料到最後的裝飾，讓您的焦糖巧克力塔香氣撲鼻、口感濃郁。', '焦糖巧克力塔 8 個', '2023-07-01 10:30:00', 3, 10, 2800, 0, GETDATE()),
(3, 1, 23, '手工製作法式馬卡龍', '色彩繽紛、口感獨特的法式甜點。', '在這個課程中，您將學習手工製作法式馬卡龍。從馬卡龍的製作、內餡的調配到最後的裝飾，讓您的法式馬卡龍美味可口、色彩豐富。', '法式馬卡龍 12 顆', '2023-07-08 15:45:00', 2, 15, 2500, 1, GETDATE()),
(4, 2, 7, '手工製作提拉米蘇', '意大利經典甜點，濃郁香醇的層次滋味。', '在這個課程中，您將學習手工製作提拉米蘇。從蛋糕層的製作、咖啡餡料的調配到最後的裝飾，讓您的提拉米蘇濃郁香醇、層次豐富。', '提拉米蘇 1 個', '2023-07-12 18:00:00', 2, 8, 2200, 1, GETDATE()),
(5, 3, 12, '手工製作草莓千層蛋糕', '新鮮草莓和蛋糕層的絕妙組合。', '在這個課程中，您將學習手工製作草莓千層蛋糕。從蛋糕層的製作、草莓餡料的調配到最後的裝飾，讓您的草莓千層蛋糕美味清爽、口感豐富。', '草莓千層蛋糕 1 個', '2023-07-18 13:15:00', 3, 10, 2900, 0, GETDATE()),
(6, 2, 17, '手工製作提拉米蘇千層蛋糕', '提拉米蘇與千層蛋糕的完美結合。', '在這個課程中，您將學習手工製作提拉米蘇千層蛋糕。蛋糕層與提拉米蘇餡料的交替疊加，讓您的提拉米蘇千層蛋糕口感豐富、層次鮮明。', '提拉米蘇千層蛋糕 1 個', '2023-07-25 16:30:00', 4, 12, 3000, 1, GETDATE()),
(7, 1, 28, '手工製作巧克力夾心餅乾', '外酥內軟的巧克力美味。', '在這個課程中，您將學習手工製作巧克力夾心餅乾。從餅乾的製作、巧克力餡料的包裹到最後的裝飾，讓您的巧克力夾心餅乾外脆內軟、美味可口。', '巧克力夾心餅乾 10 個', '2023-08-02 11:00:00', 2, 8, 2300, 0, GETDATE()),
(8, 2, 5, '手工製作藍莓起士蛋糕', '酸甜藍莓與濃郁起士的絕妙結合。', '在這個課程中，您將學習手工製作藍莓起士蛋糕。從蛋糕底的製作、起士餡料的調配到最後的裝飾，讓您的藍莓起士蛋糕口感柔滑、味道豐富。', '藍莓起士蛋糕 1 個', '2023-08-09 14:45:00', 3, 10, 2500, 1, GETDATE()),
(9, 3, 19, '手工製作巧克力慕斯蛋糕', '濃郁巧克力與輕盈慕斯的組合。', '在這個課程中，您將學習手工製作巧克力慕斯蛋糕。從巧克力蛋糕層的製作、慕斯餡料的調配到最後的裝飾，讓您的巧克力慕斯蛋糕口感濃郁、輕盈美妙。', '巧克力慕斯蛋糕 1 個', '2023-08-16 17:30:00', 2, 12, 2700, 0, GETDATE()),
(10, 1, 8, '手工製作紅絲絨杯子蛋糕', '鮮豔紅色和絲滑口感的完美結合。', '在這個課程中，您將學習手工製作紅絲絨杯子蛋糕。從杯子蛋糕的製作、奶油鮮奶油的調配到最後的裝飾，讓您的紅絲絨杯子蛋糕外觀精美、口感細膩。', '紅絲絨杯子蛋糕 8 個', '2023-08-23 12:15:00', 2, 10, 2200, 1, GETDATE()),
(11, 2, 14, '手工製作焦糖馬卡龍', '焦糖的香甜與馬卡龍的綿密口感結合。', '在這個課程中，您將學習手工製作焦糖馬卡龍。從馬卡龍的製作、焦糖餡料的調配到最後的裝飾，讓您的焦糖馬卡龍口感獨特、香甜可口。', '焦糖馬卡龍 12 顆', '2023-08-30 15:00:00', 3, 12, 2900, 0, GETDATE()),
(12, 3, 26, '手工製作草莓奶油蛋糕', '新鮮草莓和奶油的搭配綻放美味。', '在這個課程中，您將學習手工製作草莓奶油蛋糕。從蛋糕底的製作、草莓奶油餡料的調配到最後的裝飾，讓您的草莓奶油蛋糕口感柔軟、清新美味。', '草莓奶油蛋糕 1 個', '2023-09-06 18:45:00', 2, 8, 2400, 1, GETDATE()),
(13, 1, 9, '手工製作巧克力夾心餅乾', '外酥內軟的巧克力美味。', '在這個課程中，您將學習手工製作巧克力夾心餅乾。從餅乾的製作、巧克力餡料的包裹到最後的裝飾，讓您的巧克力夾心餅乾外脆內軟、美味可口。', '巧克力夾心餅乾 10 個', '2023-09-13 10:30:00', 2, 10, 2500, 0, GETDATE()),
(14, 2, 18, '手工製作覆盆子起士蛋糕', '酸甜覆盆子與濃郁起士的絕妙組合。', '在這個課程中，您將學習手工製作覆盆子起士蛋糕。從蛋糕底的製作、起士餡料的調配到最後的裝飾，讓您的覆盆子起士蛋糕口感細膩、味道豐富。', '覆盆子起士蛋糕 1 個', '2023-09-20 13:45:00', 3, 12, 2800, 1, GETDATE()),
(15, 3, 7, '手工製作提拉米蘇慕斯蛋糕', '提拉米蘇和慕斯蛋糕的完美結合。', '在這個課程中，您將學習手工製作提拉米蘇慕斯蛋糕。慕斯蛋糕層與提拉米蘇餡料的交替疊加，讓您的提拉米蘇慕斯蛋糕口感豐富、層次鮮明。', '提拉米蘇慕斯蛋糕 1 個', '2023-09-27 16:00:00', 4, 10, 3000, 1, GETDATE()),
(16, 1, 12, '手工製作巧克力杏仁酥', '香脆杏仁與濃郁巧克力的絕妙組合。', '在這個課程中，您將學習手工製作巧克力杏仁酥。從酥皮的製作、巧克力餡料的調配到最後的裝飾，讓您的巧克力杏仁酥香脆可口、美味無比。', '巧克力杏仁酥 10 個', '2023-10-04 11:15:00', 2, 12, 2200, 0, GETDATE()),
(17, 2, 25, '手工製作檸檬蛋糕', '清新檸檬與蛋糕的結合令人愉悅。', '在這個課程中，您將學習手工製作檸檬蛋糕。從蛋糕底的製作、檸檬餡料的調配到最後的裝飾，讓您的檸檬蛋糕口感清新、酸甜可口。', '檸檬蛋糕 1 個', '2023-10-11 14:30:00', 3, 8, 2400, 1, GETDATE()),
(18, 3, 11, '手工製作抹茶慕斯蛋糕', '濃郁抹茶的香氣與輕盈慕斯的口感結合。', '在這個課程中，您將學習手工製作抹茶慕斯蛋糕。從抹茶蛋糕層的製作、慕斯餡料的調配到最後的裝飾，讓您的抹茶慕斯蛋糕口感濃郁、回味無窮。', '抹茶慕斯蛋糕 1 個', '2023-10-18 17:45:00', 2, 10, 2600, 1, GETDATE()),
(19, 1, 22, '手工製作巧克力杯子蛋糕', '巧克力的濃郁和杯子蛋糕的綿密口感相互呼應。', '在這個課程中，您將學習手工製作巧克力杯子蛋糕。從杯子蛋糕的製作、巧克力醬料到最後的裝飾，讓您的巧克力杯子蛋糕香氣撲鼻、口感綿密。', '巧克力杯子蛋糕 8 個', '2023-10-25 12:00:00', 2, 12, 2300, 1, GETDATE()),
(20, 2, 16, '手工製作焦糖巧克力塔', '焦糖的香甜和巧克力塔的濃郁相得益彰。', '在這個課程中，您將學習手工製作焦糖巧克力塔。從塔皮的製作、焦糖餡料到最後的裝飾，讓您的焦糖巧克力塔香氣撲鼻、口感濃郁。', '焦糖巧克力塔 8 個', '2023-11-01 10:30:00', 3, 10, 2800, 0, GETDATE()),
(21, 3, 20, '手工製作提拉米蘇', '濃郁的咖啡與香滑的奶油融合成經典的義式甜點。', '在這個課程中，您將學習手工製作提拉米蘇。從蛋糕層的製作、奶油餡料的調配到最後的裝飾，讓您的提拉米蘇口感濃郁、香滑可口。', '提拉米蘇 1 個', '2023-11-08 16:00:00', 2, 10, 2500, 1, GETDATE()),
(22, 1, 13, '手工製作草莓塔', '新鮮草莓的酸甜和塔皮的酥脆相得益彰。', '在這個課程中，您將學習手工製作草莓塔。從塔皮的製作、草莓餡料的調配到最後的裝飾，讓您的草莓塔色澤鮮亮、口感酥脆。', '草莓塔 1 個', '2023-11-15 11:30:00', 3, 8, 2200, 1, GETDATE()),
(23, 2, 25, '手工製作巧克力酥皮塔', '巧克力的香甜和酥皮的酥脆交織出美味的結合。', '在這個課程中，您將學習手工製作巧克力酥皮塔。從塔皮的製作、巧克力餡料的調配到最後的裝飾，讓您的巧克力酥皮塔口感濃郁、酥脆可口。', '巧克力酥皮塔 1 個', '2023-11-22 14:30:00', 2, 10, 2700, 1, GETDATE()),
(24, 3, 18, '手工製作藍莓起司蛋糕', '酸甜藍莓與濃郁起司的完美組合。', '在這個課程中，您將學習手工製作藍莓起司蛋糕。從蛋糕的製作、藍莓醬料的調配到最後的裝飾，讓您的藍莓起司蛋糕口感滑嫩、酸甜可口。', '藍莓起司蛋糕 1 個', '2023-11-29 13:00:00', 3, 12, 2900, 0, GETDATE()),
(25, 1, 29, '手工製作水果塔', '多種水果的鮮甜與塔皮的酥脆交織出繽紛的口感。', '在這個課程中，您將學習手工製作水果塔。從塔皮的製作、水果餡料的調配到最後的裝飾，讓您的水果塔色彩繽紛、口感清新。', '水果塔 1 個', '2023-12-06 15:30:00', 2, 8, 2400, 0, GETDATE()),
(26, 2, 30, '手工製作巧克力杏仁餅乾', '香濃巧克力與杏仁的香脆口感相互呼應。', '在這個課程中，您將學習手工製作巧克力杏仁餅乾。從餅乾的製作、巧克力餡料的調配到最後的烘焙，讓您的巧克力杏仁餅乾香氣四溢、口感香脆可口。', '巧克力杏仁餅乾 10 個', '2023-12-13 16:30:00', 3, 12, 2800, 1, GETDATE()),
(27, 3, 23, '手工製作法式馬卡龍', '彩色馬卡龍的外觀和口感兼具美感和美味。', '在這個課程中，您將學習手工製作法式馬卡龍。從麥芽巧克力的製作、馬卡龍外殼的製作到內餡的調配，讓您的法式馬卡龍色彩繽紛、口感獨特。', '法式馬卡龍 12 個', '2023-12-20 13:00:00', 2, 12, 3000, 1, GETDATE()),
(28, 1, 16, '手工製作抹茶布丁', '抹茶的濃郁和布丁的綿密口感相互交融。', '在這個課程中，您將學習手工製作抹茶布丁。從布丁的製作、抹茶醬料的調配到最後的裝飾，讓您的抹茶布丁香氣撲鼻、口感綿密。', '抹茶布丁 6 個', '2024-01-03 10:30:00', 3, 10, 2200, 0, GETDATE()),
(29, 2, 22, '手工製作提拉米蘇杯子蛋糕', '濃郁的咖啡與香滑的奶油融合成經典的義式甜點。', '在這個課程中，您將學習手工製作提拉米蘇杯子蛋糕。從杯子蛋糕的製作、提拉米蘇餡料的調配到最後的裝飾，讓您的提拉米蘇杯子蛋糕口感濃郁、香滑可口。', '提拉米蘇杯子蛋糕 8 個', '2024-01-10 14:00:00', 2, 12, 2600, 1, GETDATE()),
(30, 3, 19, '手工製作焦糖布丁', '焦糖的香甜和布丁的綿密口感相得益彰。', '在這個課程中，您將學習手工製作焦糖布丁。從布丁的製作、焦糖醬料的調配到最後的裝飾，讓您的焦糖布丁香氣撲鼻、口感綿密。', '焦糖布丁 6 個', '2024-01-17 11:30:00', 3, 10, 2300, 1, GETDATE()),
(31, 2, 11, '手工製作提拉米蘇捲', '濃郁的咖啡與香滑的奶油融合成經典的義式甜點。', '在這個課程中，您將學習手工製作提拉米蘇捲。從蛋糕捲的製作、提拉米蘇餡料的調配到最後的裝飾，讓您的提拉米蘇捲口感濃郁、香滑可口。', '提拉米蘇捲 1 個', '2024-01-24 14:30:00', 2, 10, 2500, 1, GETDATE()),
(32, 1, 14, '手工製作草莓白巧克力杯子蛋糕', '新鮮草莓的酸甜和白巧克力蛋糕的濃郁相得益彰。', '在這個課程中，您將學習手工製作草莓白巧克力杯子蛋糕。從杯子蛋糕的製作、白巧克力醬料的調配到最後的裝飾，讓您的草莓白巧克力杯子蛋糕香氣撲鼻、口感綿密。', '草莓白巧克力杯子蛋糕 8 個', '2024-01-31 13:00:00', 3, 12, 2700, 1, GETDATE()),
(33, 3, 12, '手工製作黑森林蛋糕', '巧克力的濃郁和櫻桃的酸甜完美融合。', '在這個課程中，您將學習手工製作黑森林蛋糕。從蛋糕的製作、巧克力餡料和櫻桃醬的調配到最後的裝飾，讓您的黑森林蛋糕口感濃郁、酸甜可口。', '黑森林蛋糕 1 個', '2024-02-07 15:30:00', 2, 10, 2900, 0, GETDATE()),
(34, 1, 17, '手工製作草莓芝士鬆餅', '新鮮草莓的酸甜和芝士鬆餅的鬆軟口感相互呼應。', '在這個課程中，您將學習手工製作草莓芝士鬆餅。從鬆餅的製作、草莓餡料和芝士餡料的調配到最後的裝飾，讓您的草莓芝士鬆餅香氣撲鼻、口感鬆軟可口。', '草莓芝士鬆餅 4 個', '2024-02-14 16:30:00', 3, 12, 2400, 0, GETDATE()),
(35, 2, 20, '手工製作巧克力慕斯蛋糕', '濃郁的巧克力和綿密的慕斯口感讓人陶醉。', '在這個課程中，您將學習手工製作巧克力慕斯蛋糕。從蛋糕的製作、巧克力醬料和慕斯餡料的調配到最後的裝飾，讓您的巧克力慕斯蛋糕口感濃郁、綿密可口。', '巧克力慕斯蛋糕 1 個', '2024-02-21 13:00:00', 2, 10, 2600, 1, GETDATE()),
(36, 3, 13, '手工製作焦糖馬卡龍', '焦糖的香甜和馬卡龍的外觀兼具美感和美味。', '在這個課程中，您將學習手工製作焦糖馬卡龍。從焦糖餡料的製作、馬卡龍外殼的製作到最後的裝飾，讓您的焦糖馬卡龍色澤金黃、口感獨特。', '焦糖馬卡龍 12 個', '2024-02-28 10:30:00', 3, 12, 2800, 1, GETDATE()),
(37, 1, 29, '手工製作檸檬塔', '檸檬的清新和塔皮的酥脆交織出酸甜可口的口感。', '在這個課程中，您將學習手工製作檸檬塔。從塔皮的製作、檸檬餡料的調配到最後的裝飾，讓您的檸檬塔色彩鮮亮、口感酸甜可口。', '檸檬塔 1 個', '2024-03-06 11:30:00', 2, 8, 2200, 0, GETDATE()),
(38, 2, 30, '手工製作蘋果派', '新鮮蘋果的酸甜和酥脆派皮的完美結合。', '在這個課程中，您將學習手工製作蘋果派。從派皮的製作、蘋果餡料的調配到最後的裝飾，讓您的蘋果派香氣四溢、口感酥脆可口。', '蘋果派 1 個', '2024-03-13 14:00:00', 3, 12, 2400, 0, GETDATE()),
(39, 3, 23, '手工製作提子戚風蛋糕', '提子的香甜和戚風蛋糕的蓬鬆口感相得益彰。', '在這個課程中，您將學習手工製作提子戚風蛋糕。從蛋糕的製作、提子醬料的調配到最後的裝飾，讓您的提子戚風蛋糕香氣撲鼻、口感蓬鬆可口。', '提子戚風蛋糕 1 個', '2024-03-20 15:30:00', 2, 10, 2600, 0, GETDATE()),
(40, 1, 16, '手工製作巧克力夾心餅乾', '濃郁的巧克力和酥脆的餅乾口感令人愉悅。', '在這個課程中，您將學習手工製作巧克力夾心餅乾。從餅乾的製作、巧克力餡料的調配到最後的烘焙，讓您的巧克力夾心餅乾香氣四溢、口感酥脆可口。', '巧克力夾心餅乾 10 個', '2024-03-27 13:00:00', 3, 12, 2800, 1, GETDATE()),
(41, 2, 22, '手工製作櫻桃派', '櫻桃的酸甜和酥脆派皮的完美結合。', '在這個課程中，您將學習手工製作櫻桃派。從派皮的製作、櫻桃餡料的調配到最後的裝飾，讓您的櫻桃派香氣四溢、口感酥脆可口。', '櫻桃派 1 個', '2024-04-03 14:30:00', 2, 10, 2400, 0, GETDATE()),
(42, 3, 19, '手工製作檸檬蛋糕乳酪塔', '檸檬的清新和乳酪塔的濃郁口感相互呼應。', '在這個課程中，您將學習手工製作檸檬蛋糕乳酪塔。從塔皮的製作、檸檬蛋糕餡料的調配到最後的裝飾，讓您的檸檬蛋糕乳酪塔香氣撲鼻、口感濃郁可口。', '檸檬蛋糕乳酪塔 1 個', '2024-04-10 11:30:00', 3, 12, 2500, 1, GETDATE()),
(43, 1, 14, '手工製作焦糖馬卡龍', '焦糖的香甜和馬卡龍的外觀兼具美感和美味。', '在這個課程中，您將學習手工製作焦糖馬卡龍。從焦糖餡料的製作、馬卡龍外殼的製作到最後的裝飾，讓您的焦糖馬卡龍色澤金黃、口感獨特。', '焦糖馬卡龍 12 個', '2024-04-17 16:00:00', 2, 10, 2700, 1, GETDATE()),
(44, 2, 11, '手工製作提拉米蘇杯子蛋糕', '濃郁的咖啡與香滑的奶油融合成經典的義式甜點。', '在這個課程中，您將學習手工製作提拉米蘇杯子蛋糕。從杯子蛋糕的製作、提拉米蘇餡料的調配到最後的裝飾，讓您的提拉米蘇杯子蛋糕口感濃郁、香滑可口。', '提拉米蘇杯子蛋糕 8 個', '2024-04-24 14:00:00', 2, 12, 2600, 1, GETDATE()),
(45, 3, 12, '手工製作抹茶布丁', '抹茶的香濃和布丁的綿密口感相互交融。', '在這個課程中，您將學習手工製作抹茶布丁。從布丁的製作、抹茶粉的調配到最後的裝飾，讓您的抹茶布丁色澤綠意、口感綿密可口。', '抹茶布丁 4 個', '2024-05-01 15:30:00', 3, 10, 2300, 0, GETDATE()),
(46, 1, 17, '手工製作草莓塔', '新鮮草莓的酸甜和酥脆塔皮的絕佳搭配。', '在這個課程中，您將學習手工製作草莓塔。從塔皮的製作、草莓餡料的調配到最後的裝飾，讓您的草莓塔香氣撲鼻、口感酥脆可口。', '草莓塔 1 個', '2024-05-08 13:00:00', 2, 8, 2200, 0, GETDATE()),
(47, 2, 20, '手工製作覆盆子冰淇淋', '鮮美的覆盆子和冰涼的冰淇淋令人心醉。', '在這個課程中，您將學習手工製作覆盆子冰淇淋。從冰淇淋的製作、覆盆子醬料的調配到最後的裝飾，讓您的覆盆子冰淇淋色彩鮮亮、口感冰涼可口。', '覆盆子冰淇淋 500 克', '2024-05-15 14:30:00', 3, 12, 2500, 1, GETDATE()),
(48, 3, 13, '手工製作提拉米蘇', '咖啡的濃郁和香滑的奶油交織出經典的義式甜點。', '在這個課程中，您將學習手工製作提拉米蘇。從蛋糕的製作、奶油餡料和咖啡餡料的調配到最後的裝飾，讓您的提拉米蘇口感濃郁、香滑可口。', '提拉米蘇 1 個', '2024-05-22 16:00:00', 2, 10, 2800, 1, GETDATE()),
(49, 1, 29, '手工製作巧克力曲奇餅', '濃郁的巧克力和酥脆的曲奇餅令人愉悅。', '在這個課程中，您將學習手工製作巧克力曲奇餅。從曲奇餅的製作、巧克力餡料的調配到最後的烘焙，讓您的巧克力曲奇餅香氣四溢、口感酥脆可口。', '巧克力曲奇餅 10 個', '2024-05-29 14:00:00', 3, 12, 2600, 1, GETDATE()),
(50, 2, 22, '手工製作紅絲絨蛋糕', '鮮紅的紅絲絨蛋糕和香滑奶油芝士的絕妙組合。', '在這個課程中，您將學習手工製作紅絲絨蛋糕。從蛋糕的製作、奶油芝士餡料的調配到最後的裝飾，讓您的紅絲絨蛋糕色彩鮮豔、口感綿密可口。', '紅絲絨蛋糕 1 個', '2024-06-05 15:30:00', 2, 10, 2700, 1, GETDATE());
SET IDENTITY_INSERT [dbo].[Lessons] OFF
GO

--LessonTags--
SET IDENTITY_INSERT [dbo].[LessonTags] ON
INSERT [dbo].[LessonTags] ([LessonTagId],[LessonId], [LessonTagName])
VALUES
(1,20,'冰淇淋製作'),
(2,21,'家庭廚藝'),
(3,2,'亞洲風味'),
(4,28,'熱銷課程'),
(5,8,'熱銷課程'),
(6,11,'季節限定'),
(7,32,'冰淇淋製作'),
(8,24,'熱銷課程'),
(9,1,'手工製作'),
(10,25,'母親節特別活動'),
(11,27,'手工製作'),
(12,45,'健康甜點'),
(13,40,'家庭廚藝'),
(14,14,'素食甜點'),
(15,44,'健康甜點'),
(16,29,'冰淇淋製作'),
(17,47,'手工製作'),
(18,6,'冰淇淋製作'),
(19,36,'家庭廚藝'),
(20,2,'法式糕點'),
(21,33,'母親節特別活動'),
(22,38,'母親節特別活動'),
(23,15,'熱銷課程'),
(24,17,'熱銷課程'),
(25,15,'母親節特別活動'),
(26,49,'素食甜點'),
(27,14,'創意烘焙'),
(28,46,'熱銷課程'),
(29,21,'家庭廚藝'),
(30,38,'亞洲風味'),
(31,1,'手工製作'),
(32,47,'巧克力藝術'),
(33,26,'巧克力藝術'),
(34,36,'巧克力藝術'),
(35,45,'亞洲風味'),
(36,10,'手工製作'),
(37,30,'手工製作'),
(38,32,'法式糕點'),
(39,6,'素食甜點'),
(40,15,'手工製作'),
(41,18,'亞洲風味'),
(42,29,'法式糕點'),
(43,34,'季節限定'),
(44,1,'素食甜點'),
(45,42,'素食甜點'),
(46,44,'季節限定'),
(47,29,'健康甜點'),
(48,31,'冰淇淋製作'),
(49,27,'手工製作'),
(50,9,'季節限定'),
(51,30,'巧克力藝術'),
(52,50,'熱銷課程'),
(53,44,'手工製作'),
(54,42,'手工製作'),
(55,36,'冰淇淋製作'),
(56,13,'母親節特別活動'),
(57,23,'創意烘焙'),
(58,11,'素食甜點'),
(59,8,'母親節特別活動'),
(60,37,'家庭廚藝'),
(61,20,'母親節特別活動'),
(62,42,'母親節特別活動'),
(63,6,'冰淇淋製作'),
(64,5,'亞洲風味'),
(65,28,'法式糕點'),
(66,25,'創意烘焙'),
(67,39,'家庭廚藝'),
(68,50,'亞洲風味'),
(69,23,'母親節特別活動'),
(70,7,'冰淇淋製作'),
(71,25,'手工製作'),
(72,5,'家庭廚藝'),
(73,34,'創意烘焙'),
(74,14,'創意烘焙'),
(75,39,'手工製作'),
(76,42,'巧克力藝術'),
(77,14,'冰淇淋製作'),
(78,3,'手工製作'),
(79,44,'手工製作'),
(80,48,'手工製作'),
(81,29,'季節限定'),
(82,38,'亞洲風味'),
(83,7,'創意烘焙'),
(84,2,'手工製作'),
(85,49,'巧克力藝術'),
(86,28,'創意烘焙'),
(87,21,'手工製作'),
(88,3,'家庭廚藝'),
(89,21,'巧克力藝術'),
(90,11,'冰淇淋製作'),
(91,23,'母親節特別活動'),
(92,3,'母親節特別活動'),
(93,48,'家庭廚藝'),
(94,4,'季節限定'),
(95,4,'家庭廚藝'),
(96,35,'冰淇淋製作'),
(97,6,'亞洲風味'),
(98,21,'母親節特別活動'),
(99,31,'母親節特別活動'),
(100,49,'季節限定'),
(101,27,'冰淇淋製作'),
(102,12,'法式糕點'),
(103,44,'母親節特別活動'),
(104,38,'巧克力藝術'),
(105,25,'母親節特別活動'),
(106,34,'手工製作'),
(107,35,'熱銷課程'),
(108,8,'巧克力藝術'),
(109,19,'手工製作'),
(110,6,'素食甜點'),
(111,50,'家庭廚藝'),
(112,1,'冰淇淋製作'),
(113,11,'冰淇淋製作'),
(114,9,'家庭廚藝'),
(115,38,'冰淇淋製作'),
(116,6,'家庭廚藝'),
(117,29,'熱銷課程'),
(118,40,'健康甜點'),
(119,12,'手工製作'),
(120,24,'法式糕點'),
(121,34,'法式糕點'),
(122,40,'季節限定'),
(123,43,'法式糕點'),
(124,45,'季節限定'),
(125,37,'母親節特別活動'),
(126,18,'巧克力藝術'),
(127,46,'亞洲風味'),
(128,36,'家庭廚藝'),
(129,18,'健康甜點'),
(130,4,'母親節特別活動'),
(131,24,'季節限定'),
(132,6,'家庭廚藝'),
(133,28,'健康甜點'),
(134,34,'素食甜點'),
(135,40,'冰淇淋製作'),
(136,47,'手工製作'),
(137,39,'法式糕點'),
(138,17,'創意烘焙'),
(139,31,'健康甜點'),
(140,46,'手工製作'),
(141,15,'家庭廚藝'),
(142,49,'母親節特別活動'),
(143,45,'亞洲風味'),
(144,18,'季節限定'),
(145,47,'素食甜點'),
(146,5,'法式糕點'),
(147,50,'熱銷課程'),
(148,43,'健康甜點'),
(149,3,'素食甜點'),
(150,48,'手工製作'),
(151,39,'手工製作'),
(152,6,'母親節特別活動'),
(153,31,'手工製作'),
(154,3,'巧克力藝術'),
(155,39,'法式糕點'),
(156,46,'季節限定'),
(157,39,'巧克力藝術'),
(158,2,'季節限定'),
(159,16,'季節限定'),
(160,25,'亞洲風味'),
(161,37,'手工製作'),
(162,24,'熱銷課程'),
(163,11,'亞洲風味'),
(164,46,'家庭廚藝'),
(165,25,'熱銷課程'),
(166,12,'冰淇淋製作'),
(167,45,'季節限定'),
(168,28,'母親節特別活動'),
(169,22,'家庭廚藝'),
(170,10,'巧克力藝術'),
(171,14,'創意烘焙'),
(172,42,'冰淇淋製作'),
(173,24,'素食甜點'),
(174,43,'素食甜點'),
(175,12,'素食甜點'),
(176,48,'季節限定'),
(177,4,'熱銷課程'),
(178,24,'熱銷課程'),
(179,39,'冰淇淋製作'),
(180,49,'素食甜點'),
(181,46,'手工製作'),
(182,45,'母親節特別活動'),
(183,6,'亞洲風味'),
(184,7,'熱銷課程'),
(185,47,'季節限定'),
(186,27,'健康甜點'),
(187,38,'季節限定'),
(188,5,'巧克力藝術'),
(189,30,'冰淇淋製作'),
(190,9,'季節限定'),
(191,16,'巧克力藝術'),
(192,12,'亞洲風味'),
(193,10,'手工製作'),
(194,8,'家庭廚藝'),
(195,38,'冰淇淋製作'),
(196,50,'健康甜點'),
(197,36,'法式糕點'),
(198,35,'季節限定'),
(199,50,'熱銷課程'),
(200,39,'創意烘焙');
SET IDENTITY_INSERT [dbo].[LessonTags] OFF
GO

--LessonImages 
SET IDENTITY_INSERT [dbo].[LessonImages] ON
INSERT [dbo].[LessonImages] ([LessonImageId], [LessonId], [LessonImageName]) 
VALUES 
(1, 12, N'Lesson1.jpg'),
(2, 11, N'Lesson2.jpg'),
(3, 37, N'Lesson3.jpg'),
(4, 30, N'Lesson4.jpg'),
(5, 12, N'Lesson5.jpg'),
(6, 15, N'Lesson6.jpg'),
(7, 27, N'Lesson7.jpg'),
(8, 29, N'Lesson8.jpg'),
(9, 37, N'Lesson9.jpg'),
(10, 13, N'Lesson10.jpg'),
(11, 20, N'Lesson11.jpg'),
(12, 1, N'Lesson12.jpg'),
(13, 42, N'Lesson13.jpg'),
(14, 11, N'Lesson14.jpg'),
(15, 39, N'Lesson15.jpg'),
(16, 11, N'Lesson16.jpg'),
(17, 39, N'Lesson17.jpg'),
(18, 18, N'Lesson18.jpg'),
(19, 32, N'Lesson19.jpg'),
(20, 14, N'Lesson20.jpg'),
(21, 10, N'Lesson21.jpg'),
(22, 1, N'Lesson22.jpg'),
(23, 28, N'Lesson23.jpg'),
(24, 7, N'Lesson24.jpg'),
(25, 2, N'Lesson25.jpg'),
(26, 17, N'Lesson26.jpg'),
(27, 29, N'Lesson27.jpg'),
(28, 4, N'Lesson28.jpg'),
(29, 9, N'Lesson29.jpg'),
(30, 4, N'Lesson30.jpg'),
(31, 18, N'Lesson31.jpg'),
(32, 49, N'Lesson32.jpg'),
(33, 32, N'Lesson33.jpg'),
(34, 30, N'Lesson34.jpg'),
(35, 48, N'Lesson35.jpg'),
(36, 11, N'Lesson36.jpg'),
(37, 15, N'Lesson37.jpg'),
(38, 3, N'Lesson38.jpg'),
(39, 30, N'Lesson39.jpg'),
(40, 35, N'Lesson40.jpg'),
(41, 4, N'Lesson41.jpg'),
(42, 35, N'Lesson42.jpg'),
(43, 32, N'Lesson43.jpg'),
(44, 43, N'Lesson44.jpg'),
(45, 1, N'Lesson45.jpg'),
(46, 49, N'Lesson46.jpg'),
(47, 30, N'Lesson47.jpg'),
(48, 22, N'Lesson48.jpg'),
(49, 8, N'Lesson49.jpg'),
(50, 35, N'Lesson50.jpg'),
(51, 3, N'Lesson51.jpg'),
(52, 15, N'Lesson52.jpg'),
(53, 8, N'Lesson53.jpg'),
(54, 11, N'Lesson54.jpg'),
(55, 23, N'Lesson55.jpg'),
(56, 48, N'Lesson56.jpg'),
(57, 49, N'Lesson57.jpg'),
(58, 16, N'Lesson58.jpg'),
(59, 21, N'Lesson59.jpg'),
(60, 14, N'Lesson60.jpg'),
(61, 12, N'Lesson61.jpg'),
(62, 42, N'Lesson62.jpg'),
(63, 48, N'Lesson63.jpg'),
(64, 4, N'Lesson64.jpg'),
(65, 49, N'Lesson65.jpg'),
(66, 46, N'Lesson66.jpg'),
(67, 3, N'Lesson67.jpg'),
(68, 19, N'Lesson68.jpg'),
(69, 45, N'Lesson69.jpg'),
(70, 32, N'Lesson70.jpg'),
(71, 50, N'Lesson71.jpg'),
(72, 13, N'Lesson72.jpg'),
(73, 41, N'Lesson73.jpg'),
(74, 47, N'Lesson74.jpg'),
(75, 30, N'Lesson75.jpg'),
(76, 50, N'Lesson76.jpg'),
(77, 26, N'Lesson77.jpg'),
(78, 5, N'Lesson78.jpg'),
(79, 45, N'Lesson79.jpg'),
(80, 17, N'Lesson80.jpg'),
(81, 49, N'Lesson81.jpg'),
(82, 9, N'Lesson82.jpg'),
(83, 46, N'Lesson83.jpg'),
(84, 18, N'Lesson84.jpg'),
(85, 46, N'Lesson85.jpg'),
(86, 42, N'Lesson86.jpg'),
(87, 2, N'Lesson87.jpg'),
(88, 32, N'Lesson88.jpg'),
(89, 8, N'Lesson89.jpg'),
(90, 9, N'Lesson90.jpg'),
(91, 16, N'Lesson91.jpg'),
(92, 35, N'Lesson92.jpg'),
(93, 45, N'Lesson93.jpg'),
(94, 32, N'Lesson94.jpg'),
(95, 38, N'Lesson95.jpg'),
(96, 3, N'Lesson96.jpg'),
(97, 28, N'Lesson97.jpg'),
(98, 24, N'Lesson98.jpg'),
(99, 36, N'Lesson99.jpg'),
(100, 37, N'Lesson100.jpg'),
(101, 26, N'Lesson101.jpg'),
(102, 45, N'Lesson102.jpg'),
(103, 29, N'Lesson103.jpg'),
(104, 38, N'Lesson104.jpg'),
(105, 47, N'Lesson105.jpg'),
(106, 42, N'Lesson106.jpg'),
(107, 13, N'Lesson107.jpg'),
(108, 35, N'Lesson108.jpg'),
(109, 21, N'Lesson109.jpg'),
(110, 23, N'Lesson110.jpg'),
(111, 1, N'Lesson111.jpg'),
(112, 11, N'Lesson112.jpg'),
(113, 25, N'Lesson113.jpg'),
(114, 48, N'Lesson114.jpg'),
(115, 18, N'Lesson115.jpg'),
(116, 4, N'Lesson116.jpg'),
(117, 32, N'Lesson117.jpg'),
(118, 11, N'Lesson118.jpg'),
(119, 5, N'Lesson119.jpg'),
(120, 2, N'Lesson120.jpg'),
(121, 45, N'Lesson121.jpg'),
(122, 16, N'Lesson122.jpg'),
(123, 5, N'Lesson123.jpg'),
(124, 31, N'Lesson124.jpg'),
(125, 13, N'Lesson125.jpg'),
(126, 33, N'Lesson126.jpg'),
(127, 14, N'Lesson127.jpg'),
(128, 12, N'Lesson128.jpg'),
(129, 7, N'Lesson129.jpg'),
(130, 40, N'Lesson130.jpg'),
(131, 13, N'Lesson131.jpg'),
(132, 5, N'Lesson132.jpg'),
(133, 7, N'Lesson133.jpg'),
(134, 28, N'Lesson134.jpg'),
(135, 21, N'Lesson135.jpg'),
(136, 16, N'Lesson136.jpg'),
(137, 15, N'Lesson137.jpg'),
(138, 9, N'Lesson138.jpg'),
(139, 4, N'Lesson139.jpg'),
(140, 18, N'Lesson140.jpg'),
(141, 15, N'Lesson141.jpg'),
(142, 42, N'Lesson142.jpg'),
(143, 15, N'Lesson143.jpg'),
(144, 21, N'Lesson144.jpg'),
(145, 32, N'Lesson145.jpg'),
(146, 20, N'Lesson146.jpg'),
(147, 6, N'Lesson147.jpg'),
(148, 43, N'Lesson148.jpg'),
(149, 2, N'Lesson149.jpg'),
(150, 6, N'Lesson150.jpg')
SET IDENTITY_INSERT [dbo].[LessonImages] OFF
GO

--DiscountGroups--
SET IDENTITY_INSERT [dbo].[DiscountGroups] ON
INSERT [dbo].[DiscountGroups] ([DiscountGroupId], [DiscountGroupName]) VALUES (1, N'父親節優惠')
INSERT [dbo].[DiscountGroups] ([DiscountGroupId], [DiscountGroupName]) VALUES (2, N'母親節優惠')
INSERT [dbo].[DiscountGroups] ([DiscountGroupId], [DiscountGroupName]) VALUES (3, N'雙11優惠')
SET IDENTITY_INSERT [dbo].[DiscountGroups] OFF
GO

--DiscountGroupItems--
SET IDENTITY_INSERT [dbo].[DiscountGroupItems] ON
INSERT [dbo].[DiscountGroupItems]([DiscountGroupItemId],[DiscountGroupId],[DessertId])
VALUES
(1,2,74),
(2,2,100),
(3,2,121),
(4,2,85),
(5,2,98),
(6,2,90),
(7,2,75),
(8,2,188),
(9,2,165),
(10,2,175),
(11,2,170),
(12,3,180),
(13,1,3),
(14,1,6),
(15,1,11),
(16,1,12),
(17,1,40)
SET IDENTITY_INSERT [dbo].[DiscountGroupItems] OFF
GO

--Discounts--
SET IDENTITY_INSERT [dbo].[Discounts] ON
INSERT [dbo].[Discounts]([DiscountId],[DiscountGroupId],[DiscountName],[LimitType],[LimitValue],[DiscountType],[DiscountValue],[StartAt],[EndAt],[CreateAt])
VALUES
(1,NULL,'母親節特惠全館89折',NULL,NULL,2,89,2023-04-14,2023-05-14,2023-03-26),
(2,3,'雙11指定商品滿3折100',1,3,1,100,2023-11-11,2023-11-11,2023-09-18)
SET IDENTITY_INSERT [dbo].[Discounts] OFF
GO

--CouponCategories--
SET IDENTITY_INSERT [dbo].[CouponCategories] ON
INSERT [dbo].[CouponCategories]([CouponCategoryId], [CouponCategoryName])
VALUES
(1,'指定發送'),
(2,'活動'),
(3,'遊戲'),
(4,'優惠碼'),
(5,'生日'),
(6,'新註冊會員')
SET IDENTITY_INSERT [dbo].[CouponCategories] OFF
GO

--Coupons--
SET IDENTITY_INSERT [dbo].[Coupons] ON 
INSERT [dbo].[Coupons]([CouponId],[CouponCategoryId],[DiscountGroupId],[CouponName],[CouponCode],[LimitType],[LimitValue],[DiscountType],[DiscountValue],[StartAt],[EndAt],[Expiration])
VALUES
(1,2,1,'父親節滿1000打88折','oikrhygodrjlk',2,1000,2,88,2023-07-01,2023-08-08,null),
(2,1,null,'300元折價券','sgdrfhsdhgsdg',null,null,1,300,null,null,365),
(3,5,null,'生日好禮買2件折100','apoigujoihkjjj',1,2,1,100,null,null,30),
(4,6,null,'新註冊會員50元折價券','srgsgdfgfheey',null,null,1,50,null,null,7),
(5,4,null,'廚佛專屬優惠碼滿699送99','Fred吃上癮',2,699,1,99,2023-06-21,2023-07-21,7),
(6,2,2,'給媽媽的免運券','dfhftjkfjk',null,null,3,null,2023-04-14,2023-05-14,null)
SET IDENTITY_INSERT [dbo].[Coupons] OFF
GO

--MemberCoupons--
SET IDENTITY_INSERT [dbo].[MemberCoupons] ON
INSERT [dbo].[MemberCoupons]([MemberCouponId],[MemberId],[CouponId],[CouponName],[Status],[CreateAt],[ExpireAt],[UseAt])
VALUES
(1,1,1,'父親節滿1000打88折',1,2023-6-26,2023-08-08,null),
(2,1,2,'300元折價券',3,2023-3-3,2024-3-3,2023-3-15),
(3,1,4,'新註冊會員50元折價券',4,2023-1-1,2023-1-8,null)
SET IDENTITY_INSERT [dbo].[MemberCoupons] OFF
GO

--Promotions--
SET IDENTITY_INSERT [dbo].[Promotions] ON
INSERT [dbo].[Promotions]([PromotionId],[CouponId],[PromotionImage],[PromotionName],[LaunchAt],[StartAt],[EndAt],[Description],[CreateAt])
VALUES
(1,1,'promotion1.jpg','2023父親節活動',2023-6-15,2023-7-1,2023-8-8,'這是父親節活動這是父親節活動這是父親節活動這是父親節活動這是父親節活動這是父親節活動這是父親節活動這是父親節活動這是父親節活動',2023-6-13),
(2,null,'promotion2.jpg','雙11指定商品滿3折100',2023-10-1,2023-11-11,2023-11-11,'雙11活動雙11活動雙11活動雙11活動雙11活動雙11活動雙11活動雙11活動雙11活動雙11活動',2023-7-7)
SET IDENTITY_INSERT [dbo].[Promotions] OFF
GO

--OrderStatuses--
SET IDENTITY_INSERT [dbo].[OrderStatuses] ON
INSERT [dbo].[OrderStatuses]([OrderStatusId],[StatusName])
VALUES
(1,'已下訂，未付款(請於24小時內付款)'),
(2,'確認付款成功，待出貨'),
(3,'已出貨'),
(4,'未成功於24小時內付款，訂單已取消')
SET IDENTITY_INSERT [dbo].[OrderStatuses]OFF 
GO

--LessonOrders--
SET IDENTITY_INSERT [dbo].[LessonOrders] ON
INSERT [dbo].[LessonOrders]([LessonOrderId],[MemberId],[LessonOrderStatusId],[CouponId],[CreateTime],[LessonOrderTotal],[Note],[OrderCancellationReason],[DiscountInfo])
VALUES
(1,27,4,4,'2020-10-23 15:41:27',5300,'嗨這邊是註記唷','其他','嗨這邊是折扣訊息唷'),
(2,37,2,1,'2018-01-30 01:17:45',5300,NULL,'無法如期付款',NULL),
(3,16,4,1,'2018-08-23 14:34:56',4700,NULL,NULL,'嗨這邊是折扣訊息唷'),
(4,66,4,1,'2016-09-27 21:48:29',4700,'嗨這邊是註記唷','想變更送貨地址','嗨這邊是折扣訊息唷'),
(5,57,2,4,'2013-03-19 22:43:18',6800,'嗨這邊是註記唷','想變更送貨地址','嗨這邊是折扣訊息唷'),
(6,15,4,5,'2016-11-09 04:53:54',5500,'嗨這邊是註記唷',NULL,'嗨這邊是折扣訊息唷'),
(7,51,4,5,'2021-01-02 21:40:54',5200,NULL,'想修改現有訂單','嗨這邊是折扣訊息唷'),
(8,98,2,1,'2014-03-19 11:23:51',4800,'嗨這邊是註記唷','無法如期付款',NULL),
(9,34,2,4,'2017-09-23 07:09:59',5000,'嗨這邊是註記唷','重複購買',NULL),
(10,67,1,2,'2013-01-24 04:41:52',5700,'嗨這邊是註記唷','無法如期付款','嗨這邊是折扣訊息唷'),
(11,9,4,1,'2022-12-08 01:24:26',5300,'嗨這邊是註記唷',NULL,'嗨這邊是折扣訊息唷'),
(12,87,1,5,'2015-11-27 19:22:14',5200,'嗨這邊是註記唷','想修改現有訂單',NULL),
(13,46,3,3,'2017-09-21 20:18:23',5600,NULL,NULL,'嗨這邊是折扣訊息唷'),
(14,58,1,5,'2021-04-09 18:31:42',5300,NULL,'無法如期付款','嗨這邊是折扣訊息唷'),
(15,76,2,2,'2018-11-07 10:04:21',4900,'嗨這邊是註記唷','重複購買','嗨這邊是折扣訊息唷'),
(16,80,1,4,'2021-10-06 06:46:38',4800,'嗨這邊是註記唷','想修改現有訂單','嗨這邊是折扣訊息唷'),
(17,41,3,6,'2023-06-14 05:57:11',4800,'嗨這邊是註記唷',NULL,'嗨這邊是折扣訊息唷'),
(18,19,3,5,'2020-12-31 22:07:39',4500,'嗨這邊是註記唷','無法如期付款','嗨這邊是折扣訊息唷'),
(19,64,1,1,'2021-08-19 12:01:21',4700,'嗨這邊是註記唷',NULL,'嗨這邊是折扣訊息唷'),
(20,60,2,4,'2021-05-27 08:41:47',5500,'嗨這邊是註記唷','重複購買','嗨這邊是折扣訊息唷'),
(21,1,3,1,'2017-08-02 12:18:46',5100,'嗨這邊是註記唷','想變更送貨地址',NULL),
(22,47,1,3,'2014-04-09 09:43:06',5200,'嗨這邊是註記唷','無法如期付款','嗨這邊是折扣訊息唷'),
(23,25,1,6,'2017-08-08 15:35:02',4800,NULL,'想變更送貨地址','嗨這邊是折扣訊息唷'),
(24,87,3,2,'2021-01-17 10:54:40',4900,NULL,'無法如期付款','嗨這邊是折扣訊息唷'),
(25,30,3,2,'2016-08-17 21:09:47',4700,'嗨這邊是註記唷','無法如期付款','嗨這邊是折扣訊息唷'),
(26,28,2,3,'2020-08-16 16:42:23',5100,'嗨這邊是註記唷','想修改現有訂單',NULL),
(27,93,2,2,'2015-05-13 12:58:37',5200,'嗨這邊是註記唷','想修改現有訂單','嗨這邊是折扣訊息唷'),
(28,54,2,3,'2015-12-04 03:41:17',6900,'嗨這邊是註記唷','其他','嗨這邊是折扣訊息唷'),
(29,81,3,3,'2022-11-24 20:47:08',4800,NULL,'重複購買','嗨這邊是折扣訊息唷'),
(30,35,4,2,'2017-08-16 06:15:58',4800,NULL,NULL,'嗨這邊是折扣訊息唷'),
(31,30,3,2,'2018-03-02 04:57:39',6700,'嗨這邊是註記唷','無法如期付款','嗨這邊是折扣訊息唷'),
(32,7,1,5,'2018-03-13 01:04:24',4700,'嗨這邊是註記唷','其他','嗨這邊是折扣訊息唷'),
(33,51,4,1,'2022-05-23 05:54:51',5100,'嗨這邊是註記唷','重複購買','嗨這邊是折扣訊息唷'),
(34,79,3,2,'2013-06-30 06:39:11',5900,'嗨這邊是註記唷','無法如期付款','嗨這邊是折扣訊息唷'),
(35,99,3,1,'2021-04-06 21:31:35',5100,'嗨這邊是註記唷','想修改現有訂單','嗨這邊是折扣訊息唷'),
(36,69,1,4,'2020-10-14 01:38:57',5500,NULL,'想修改現有訂單','嗨這邊是折扣訊息唷'),
(37,50,4,2,'2023-05-25 02:38:37',5200,'嗨這邊是註記唷','想修改現有訂單','嗨這邊是折扣訊息唷'),
(38,28,3,3,'2014-07-12 08:13:45',5500,'嗨這邊是註記唷','想修改現有訂單','嗨這邊是折扣訊息唷'),
(39,79,2,3,'2019-06-04 00:26:01',5400,'嗨這邊是註記唷','重複購買',NULL),
(40,15,4,4,'2022-08-11 21:35:52',6600,'嗨這邊是註記唷','想修改現有訂單','嗨這邊是折扣訊息唷'),
(41,94,3,2,'2014-11-04 07:27:58',5400,'嗨這邊是註記唷',NULL,'嗨這邊是折扣訊息唷'),
(42,44,3,4,'2015-09-28 04:59:26',5100,NULL,'想變更送貨地址','嗨這邊是折扣訊息唷'),
(43,77,2,6,'2020-02-18 21:48:31',5600,'嗨這邊是註記唷','想修改現有訂單',NULL),
(44,63,4,6,'2016-10-25 16:57:08',5500,'嗨這邊是註記唷','重複購買','嗨這邊是折扣訊息唷'),
(45,18,4,4,'2020-09-26 12:16:00',4900,'嗨這邊是註記唷','其他',NULL),
(46,95,1,2,'2013-11-10 21:33:19',5000,'嗨這邊是註記唷','想變更送貨地址',NULL),
(47,8,2,1,'2014-08-18 16:55:09',5100,NULL,'重複購買','嗨這邊是折扣訊息唷'),
(48,96,3,5,'2022-12-16 19:10:17',4700,'嗨這邊是註記唷','重複購買','嗨這邊是折扣訊息唷'),
(49,64,4,2,'2017-03-04 16:05:33',5200,NULL,'想修改現有訂單',NULL),
(50,93,4,1,'2014-03-14 07:04:03',5400,'嗨這邊是註記唷','想變更送貨地址','嗨這邊是折扣訊息唷')
SET IDENTITY_INSERT [dbo].[LessonOrders]OFF
GO

--LessonOrderDetails--
SET IDENTITY_INSERT [dbo].[LessonOrderDetails] ON
INSERT [dbo].[LessonOrderDetails]([LessonOrderDetailId],[LessonOrderId],[LessonId],[LessonTitle],[NumberOfPeople],[LessonUnitPrice],[Subtotal])
VALUES
(1,1,47,'手工製作覆盆子冰淇淋',1,2500,2500),
(2,1,40,'手工製作巧克力夾心餅乾',1,2800,2800),
(3,2,5,'手工製作草莓千層蛋糕',1,2900,2900),
(4,2,34,'手工製作草莓芝士鬆餅',1,2400,2400),
(5,3,37,'手工製作檸檬塔',1,2200,2200),
(6,3,47,'手工製作覆盆子冰淇淋',1,2500,2500),
(7,4,3,'手工製作法式馬卡龍',1,2500,2500),
(8,4,28,'手工製作抹茶布丁',1,2200,2200),
(9,5,41,'手工製作櫻桃派',1,2400,2400),
(10,5,4,'手工製作提拉米蘇',1,2200,2200),
(11,5,4,'手工製作提拉米蘇',1,2200,2200),
(12,6,6,'手工製作提拉米蘇千層蛋糕',1,3000,3000),
(13,6,13,'手工製作巧克力夾心餅乾',1,2500,2500),
(14,7,49,'手工製作巧克力曲奇餅',1,2600,2600),
(15,7,49,'手工製作巧克力曲奇餅',1,2600,2600),
(16,8,46,'手工製作草莓塔',1,2200,2200),
(17,8,35,'手工製作巧克力慕斯蛋糕',1,2600,2600),
(18,9,34,'手工製作草莓芝士鬆餅',1,2400,2400),
(19,9,39,'手工製作提子戚風蛋糕',1,2600,2600),
(20,10,26,'手工製作巧克力杏仁餅乾',1,2800,2800),
(21,10,24,'手工製作藍莓起司蛋糕',1,2900,2900),
(22,11,34,'手工製作草莓芝士鬆餅',1,2400,2400),
(23,11,33,'手工製作黑森林蛋糕',1,2900,2900),
(24,12,13,'手工製作巧克力夾心餅乾',1,2500,2500),
(25,12,32,'手工製作草莓白巧克力杯子蛋糕',1,2700,2700),
(26,13,14,'手工製作覆盆子起士蛋糕',1,2800,2800),
(27,13,2,'手工製作焦糖巧克力塔',1,2800,2800),
(28,14,12,'手工製作草莓奶油蛋糕',1,2400,2400),
(29,14,24,'手工製作藍莓起司蛋糕',1,2900,2900),
(30,15,34,'手工製作草莓芝士鬆餅',1,2400,2400),
(31,15,13,'手工製作巧克力夾心餅乾',1,2500,2500),
(32,16,21,'手工製作提拉米蘇',1,2500,2500),
(33,16,1,'手工製作巧克力杯子蛋糕',1,2300,2300),
(34,17,1,'手工製作巧克力杯子蛋糕',1,2300,2300),
(35,17,42,'手工製作檸檬蛋糕乳酪塔',1,2500,2500),
(36,18,28,'手工製作抹茶布丁',1,2200,2200),
(37,18,45,'手工製作抹茶布丁',1,2300,2300),
(38,19,21,'手工製作提拉米蘇',1,2500,2500),
(39,19,28,'手工製作抹茶布丁',1,2200,2200),
(40,20,6,'手工製作提拉米蘇千層蛋糕',1,3000,3000),
(41,20,47,'手工製作覆盆子冰淇淋',1,2500,2500),
(42,21,35,'手工製作巧克力慕斯蛋糕',1,2600,2600),
(43,21,31,'手工製作提拉米蘇捲',1,2500,2500),
(44,22,2,'手工製作焦糖巧克力塔',1,2800,2800),
(45,22,12,'手工製作草莓奶油蛋糕',1,2400,2400),
(46,23,28,'手工製作抹茶布丁',1,2200,2200),
(47,23,35,'手工製作巧克力慕斯蛋糕',1,2600,2600),
(48,24,30,'手工製作焦糖布丁',1,2300,2300),
(49,24,18,'手工製作抹茶慕斯蛋糕',1,2600,2600),
(50,25,46,'手工製作草莓塔',1,2200,2200),
(51,25,8,'手工製作藍莓起士蛋糕',1,2500,2500),
(52,26,42,'手工製作檸檬蛋糕乳酪塔',1,2500,2500),
(53,26,49,'手工製作巧克力曲奇餅',1,2600,2600),
(54,27,11,'手工製作焦糖馬卡龍',1,2900,2900),
(55,27,19,'手工製作巧克力杯子蛋糕',1,2300,2300),
(56,28,16,'手工製作巧克力杏仁酥',1,2200,2200),
(57,28,30,'手工製作焦糖布丁',1,2300,2300),
(58,28,34,'手工製作草莓芝士鬆餅',1,2400,2400),
(59,29,47,'手工製作覆盆子冰淇淋',1,2500,2500),
(60,29,19,'手工製作巧克力杯子蛋糕',1,2300,2300),
(61,30,46,'手工製作草莓塔',1,2200,2200),
(62,30,18,'手工製作抹茶慕斯蛋糕',1,2600,2600),
(63,31,45,'手工製作抹茶布丁',1,2300,2300),
(64,31,46,'手工製作草莓塔',1,2200,2200),
(65,31,46,'手工製作草莓塔',1,2200,2200),
(66,32,10,'手工製作紅絲絨杯子蛋糕',1,2200,2200),
(67,32,21,'手工製作提拉米蘇',1,2500,2500),
(68,33,36,'手工製作焦糖馬卡龍',1,2800,2800),
(69,33,19,'手工製作巧克力杯子蛋糕',1,2300,2300),
(70,34,15,'手工製作提拉米蘇慕斯蛋糕',1,3000,3000),
(71,34,24,'手工製作藍莓起司蛋糕',1,2900,2900),
(72,35,30,'手工製作焦糖布丁',1,2300,2300),
(73,35,48,'手工製作提拉米蘇',1,2800,2800),
(74,36,36,'手工製作焦糖馬卡龍',1,2800,2800),
(75,36,9,'手工製作巧克力慕斯蛋糕',1,2700,2700),
(76,37,48,'手工製作提拉米蘇',1,2800,2800),
(77,37,41,'手工製作櫻桃派',1,2400,2400),
(78,38,2,'手工製作焦糖巧克力塔',1,2800,2800),
(79,38,9,'手工製作巧克力慕斯蛋糕',1,2700,2700),
(80,39,23,'手工製作巧克力酥皮塔',1,2700,2700),
(81,39,50,'手工製作紅絲絨蛋糕',1,2700,2700),
(82,40,16,'手工製作巧克力杏仁酥',1,2200,2200),
(83,40,22,'手工製作草莓塔',1,2200,2200),
(84,40,16,'手工製作巧克力杏仁酥',1,2200,2200),
(85,41,36,'手工製作焦糖馬卡龍',1,2800,2800),
(86,41,44,'手工製作提拉米蘇杯子蛋糕',1,2600,2600),
(87,42,39,'手工製作提子戚風蛋糕',1,2600,2600),
(88,42,42,'手工製作檸檬蛋糕乳酪塔',1,2500,2500),
(89,43,2,'手工製作焦糖巧克力塔',1,2800,2800),
(90,43,40,'手工製作巧克力夾心餅乾',1,2800,2800),
(91,44,3,'手工製作法式馬卡龍',1,2500,2500),
(92,44,27,'手工製作法式馬卡龍',1,3000,3000),
(93,45,41,'手工製作櫻桃派',1,2400,2400),
(94,45,42,'手工製作檸檬蛋糕乳酪塔',1,2500,2500),
(95,46,9,'手工製作巧克力慕斯蛋糕',1,2700,2700),
(96,46,30,'手工製作焦糖布丁',1,2300,2300),
(97,47,26,'手工製作巧克力杏仁餅乾',1,2800,2800),
(98,47,1,'手工製作巧克力杯子蛋糕',1,2300,2300),
(99,48,30,'手工製作焦糖布丁',1,2300,2300),
(100,48,17,'手工製作檸檬蛋糕',1,2400,2400),
(101,49,35,'手工製作巧克力慕斯蛋糕',1,2600,2600),
(102,49,18,'手工製作抹茶慕斯蛋糕',1,2600,2600),
(103,50,48,'手工製作提拉米蘇',1,2800,2800),
(104,50,49,'手工製作巧克力曲奇餅',1,2600,2600)
SET IDENTITY_INSERT [dbo].[LessonOrderDetails]OFF
GO

--DessertOrders--
SET IDENTITY_INSERT [dbo].[DessertOrders] ON 
INSERT [dbo].[DessertOrders]([DessertOrderId],[MemberId],[DessertOrderStatusId],[CouponId],[CreateTime],[Recipient],[RecipientPhone],[RecipientAddress],[ShippingFee],[DessertOrderTotal],[DeliveryMethod],[Note],[OrderCancellationReason],[DiscountInfo])
VALUES
(1,15,2,3,'2021-02-27 05:13:10','邱啟文','0972833417','花蓮縣中正區中正路337號',60,2540,'宅配','嗨這邊是註記唷','想變更送貨地址',NULL),
(2,83,3,3,'2021-12-02 21:50:52','高志成','0972310902','桃園市中區文化路85號',60,3000,'宅配','嗨這邊是註記唷','無法如期付款','嗨這邊是折扣訊息唷'),
(3,40,2,3,'2022-12-17 07:01:01','孫建興','0948401203','花蓮縣山區信義路349號',60,2830,'宅配','嗨這邊是註記唷','想變更送貨地址','嗨這邊是折扣訊息唷'),
(4,38,4,4,'2023-05-05 20:28:18','賀柏崴','0980058732','雲林縣南區中山路465號',60,2360,'宅配','嗨這邊是註記唷','想變更送貨地址','嗨這邊是折扣訊息唷'),
(5,2,3,2,'2013-03-12 22:46:20','付雅琪','0940650019','桃園市中和區忠孝路134號',60,2580,'宅配','嗨這邊是註記唷','其他','嗨這邊是折扣訊息唷'),
(6,13,2,5,'2018-01-11 19:26:22','熊信宏','0970271946','彰化縣北區敦化路63號',60,1800,'宅配',NULL,'其他','嗨這邊是折扣訊息唷'),
(7,41,3,3,'2017-02-24 02:01:21','胡哲瑋','0963141427','台北市中區民生路321號',60,2960,'宅配',NULL,'無法如期付款','嗨這邊是折扣訊息唷'),
(8,72,3,6,'2015-07-13 21:01:17','段宗豪','0913223466','台東縣山區信義路70號',60,2700,'宅配','嗨這邊是註記唷','重複購買','嗨這邊是折扣訊息唷'),
(9,7,2,6,'2021-09-19 18:11:11','鄭玉華','0933037225','嘉義市中區中正路68號',60,2940,'宅配','嗨這邊是註記唷','想修改現有訂單','嗨這邊是折扣訊息唷'),
(10,73,2,2,'2020-11-13 22:09:12','馬正偉','0958711765','台南市南市區民生路117號',60,2940,'宅配','嗨這邊是註記唷','想變更送貨地址',NULL),
(11,97,4,1,'2018-07-13 20:10:36','賀婉華','0986266459','台北市西區成功路482號',60,2880,'宅配','嗨這邊是註記唷','其他','嗨這邊是折扣訊息唷'),
(12,62,2,3,'2018-03-31 22:18:50','董振宇','0935448558','連江縣中山區忠孝路377號',60,2430,'宅配','嗨這邊是註記唷','無法如期付款',NULL),
(13,17,4,3,'2022-01-01 06:56:26','張淑玉','0912069552','新竹市海區成功路124號',60,2820,'宅配',NULL,'無法如期付款','嗨這邊是折扣訊息唷'),
(14,45,2,4,'2022-02-15 07:56:24','范雯芳','0943778879','連江縣山區忠孝路108號',60,2760,'宅配','嗨這邊是註記唷',NULL,'嗨這邊是折扣訊息唷'),
(15,90,3,5,'2014-06-05 12:29:42','張家銘','0930626147','新竹市海區光復路221號',60,2970,'宅配',NULL,'無法如期付款','嗨這邊是折扣訊息唷'),
(16,98,4,2,'2015-11-20 00:56:16','姜健豪','0973252806','花蓮縣新區建國路411號',60,2320,'宅配','嗨這邊是註記唷','重複購買','嗨這邊是折扣訊息唷'),
(17,10,2,4,'2019-03-16 06:23:06','閆瑞菁','0909538242','嘉義縣北區中山路93號',60,2770,'宅配','嗨這邊是註記唷','想修改現有訂單','嗨這邊是折扣訊息唷'),
(18,5,2,3,'2016-08-14 20:36:01','曹振宇','0900736056','新竹市中正區建國路101號',60,2780,'宅配',NULL,'無法如期付款','嗨這邊是折扣訊息唷'),
(19,94,1,5,'2022-06-28 19:14:12','石啟豪','0963752887','嘉義市新區文化路27號',60,2210,'宅配',NULL,'想修改現有訂單','嗨這邊是折扣訊息唷'),
(20,99,3,3,'2023-01-30 14:32:01','蔡宏達','0955404618','台東縣海區光復路165號',60,2840,'宅配',NULL,'無法如期付款','嗨這邊是折扣訊息唷'),
(21,32,1,3,'2017-12-03 08:06:12','羅宇軒','0941747013','澎湖縣中和區成功路343號',60,2780,'宅配','嗨這邊是註記唷','重複購買','嗨這邊是折扣訊息唷'),
(22,2,2,4,'2020-04-17 18:38:23','丁宇翔','0964854755','金門縣海區民生路378號',60,2390,'宅配','嗨這邊是註記唷','其他','嗨這邊是折扣訊息唷'),
(23,25,1,2,'2022-06-03 09:15:15','錢欣玉','0906876628','苗栗縣北區和平路147號',60,2760,'宅配','嗨這邊是註記唷','無法如期付款','嗨這邊是折扣訊息唷'),
(24,33,4,2,'2019-02-26 08:11:00','萬綺玲','0981605712','基隆市中區信義路183號',60,2935,'宅配','嗨這邊是註記唷','想修改現有訂單','嗨這邊是折扣訊息唷'),
(25,70,2,1,'2021-09-26 01:25:06','熊美玉','0931206566','新竹市中區中正路158號',60,2640,'宅配',NULL,NULL,NULL),
(26,79,3,2,'2020-07-18 17:40:45','丁宏達','0914849088','屏東縣中正區中正路138號',60,2540,'宅配','嗨這邊是註記唷','重複購買','嗨這邊是折扣訊息唷'),
(27,30,4,6,'2014-07-20 13:40:20','江維傑','0988667280','台中市中和區民生路320號',60,2400,'宅配','嗨這邊是註記唷','其他','嗨這邊是折扣訊息唷'),
(28,84,2,1,'2013-11-14 02:51:40','黃慧華','0973898494','台南市中和區文化路107號',60,2640,'宅配','嗨這邊是註記唷','重複購買','嗨這邊是折扣訊息唷'),
(29,62,1,2,'2021-03-10 18:44:48','黃淑君','0986398394','南投縣山區光復路397號',60,2190,'宅配','嗨這邊是註記唷','無法如期付款','嗨這邊是折扣訊息唷'),
(30,66,2,6,'2015-01-23 06:51:49','馮國豪','0929086225','苗栗縣東區中山路117號',60,2560,'宅配','嗨這邊是註記唷','想變更送貨地址','嗨這邊是折扣訊息唷'),
(31,82,3,1,'2013-03-11 17:27:20','覃秀芳','0997601358','台北市山區敦化路367號',60,2610,'宅配','嗨這邊是註記唷','無法如期付款','嗨這邊是折扣訊息唷'),
(32,42,3,4,'2018-12-03 14:46:14','孫怡玲','0999432251','彰化縣山區福建路188號',60,2710,'宅配','嗨這邊是註記唷','其他','嗨這邊是折扣訊息唷'),
(33,20,4,5,'2014-12-10 08:58:06','郭雅萍','0935598535','台中市南區福建路275號',60,2980,'宅配','嗨這邊是註記唷','其他','嗨這邊是折扣訊息唷'),
(34,2,1,4,'2017-06-01 08:06:43','郝婉君','0969921400','新竹市中正區文化路196號',60,2990,'宅配','嗨這邊是註記唷',NULL,NULL),
(35,7,3,4,'2014-01-11 02:52:48','戴哲瑋','0960840321','台東縣北區忠孝路56號',60,2990,'宅配','嗨這邊是註記唷','其他',NULL),
(36,45,1,2,'2021-06-27 06:30:03','丁綺玲','0937149166','台東縣新區光復路45號',60,2540,'宅配','嗨這邊是註記唷','重複購買','嗨這邊是折扣訊息唷'),
(37,48,4,5,'2023-05-05 07:56:07','王冠霖','0941705837','苗栗縣海區和平路286號',60,2195,'宅配',NULL,'無法如期付款','嗨這邊是折扣訊息唷'),
(38,19,2,1,'2021-04-28 12:06:45','梁志成','0926863063','新北市海區福建路56號',60,2430,'宅配','嗨這邊是註記唷',NULL,'嗨這邊是折扣訊息唷'),
(39,51,1,3,'2021-07-02 09:55:22','韋怡君','0974178470','新竹縣新區敦化路293號',60,2590,'宅配',NULL,'想修改現有訂單','嗨這邊是折扣訊息唷'),
(40,3,4,3,'2017-05-25 13:13:55','周柏崴','0968362847','台中市新區中正路139號',60,2930,'宅配','嗨這邊是註記唷','重複購買','嗨這邊是折扣訊息唷'),
(41,2,1,2,'2020-07-09 19:23:05','范啟豪','0935561000','雲林縣山區敦化路91號',60,2980,'宅配',NULL,'想修改現有訂單','嗨這邊是折扣訊息唷'),
(42,8,1,2,'2022-01-05 07:34:44','韋秀華','0975124798','花蓮縣舊區福建路445號',60,2490,'宅配',NULL,NULL,NULL),
(43,41,1,3,'2013-05-21 08:16:18','金宏偉','0924830437','新竹市舊區中山路292號',60,2970,'宅配','嗨這邊是註記唷','重複購買',NULL),
(44,77,2,2,'2020-09-09 22:30:43','余美惠','0963171036','基隆市中正區光復路360號',60,2030,'宅配','嗨這邊是註記唷','無法如期付款','嗨這邊是折扣訊息唷'),
(45,88,4,2,'2014-04-11 01:16:57','廖美容','0966783467','新竹縣舊區敦化路309號',60,2830,'宅配','嗨這邊是註記唷','其他','嗨這邊是折扣訊息唷'),
(46,48,4,5,'2014-04-19 07:26:17','葉泰瑋','0902452285','連江縣舊區忠孝路25號',60,2900,'宅配','嗨這邊是註記唷','想變更送貨地址','嗨這邊是折扣訊息唷'),
(47,24,4,6,'2013-06-14 15:45:01','朱建中','0933569641','雲林縣中山區民生路274號',60,2610,'宅配','嗨這邊是註記唷','其他','嗨這邊是折扣訊息唷'),
(48,53,3,3,'2018-10-11 19:13:42','邵玉華','0952412868','高雄市海區忠孝路137號',60,2960,'宅配','嗨這邊是註記唷','無法如期付款','嗨這邊是折扣訊息唷'),
(49,55,1,5,'2022-01-18 10:55:40','段怡如','0991422926','花蓮縣南市區成功路61號',60,1880,'宅配',NULL,'重複購買','嗨這邊是折扣訊息唷'),
(50,20,3,2,'2021-12-20 01:07:54','段瑜珊','0931624703','屏東縣南區福建路171號',60,2680,'宅配',NULL,'無法如期付款',NULL)
SET IDENTITY_INSERT [dbo].[DessertOrders]OFF
GO

--DessertOrderDetails--
SET IDENTITY_INSERT [dbo].[DessertOrderDetails] ON
INSERT [dbo].[DessertOrderDetails] ([DessertOrderDetailId],[DessertOrderId],[DessertId],[DessertName],[Quantity],[DessertUnitPrice],[Subtotal])
VALUES
(1,1,11,'香蕉巧克力冰淇淋',1,350,350),
(2,1,153,'焦糖提拉米蘇',1,980,980),
(3,1,107,'焦糖香蕉布丁',1,590,590),
(4,1,176,'巧克力覆盆子泡芙',1,620,620),
(5,2,114,'香草藍莓布丁',1,590,590),
(6,2,31,'香草奶油泡芙',1,450,450),
(7,2,105,'蘋果肉桂蛋糕',1,980,980),
(8,2,174,'檸檬乳酪蛋糕',1,980,980),
(9,3,165,'藍莓慕斯蛋糕',1,1180,1180),
(10,3,59,'榴槤泡芙',1,680,680),
(11,3,3,'巧克力香蕉布朗尼',1,350,350),
(12,3,176,'巧克力覆盆子泡芙',1,620,620),
(13,4,153,'焦糖提拉米蘇',1,980,980),
(14,4,119,'香草擠花慕斯蛋糕',1,1380,1380),
(15,5,119,'香草擠花慕斯蛋糕',1,1380,1380),
(16,5,42,'蘋果肉桂泡芙',1,520,520),
(17,5,100,'焦糖杏仁布朗尼',1,680,680),
(18,6,186,'法式焦糖布蕾',1,320,320),
(19,6,4,'紅豆綠茶雪花冰',1,380,380),
(20,6,167,'檸檬蛋糕',1,750,750),
(21,6,184,'巧克力熔岩蛋糕',1,350,350),
(22,7,48,'焦糖奶油布朗尼',1,680,680),
(23,7,38,'蔓越莓乳酪蛋糕',1,1080,1080),
(24,7,184,'巧克力熔岩蛋糕',1,350,350),
(25,7,178,'抹茶白巧克力塔',1,850,850),
(26,8,80,'藍莓卡士達泡芙',1,520,520),
(27,8,170,'香草藍莓布丁',1,590,590),
(28,8,198,'香草莓果塔',1,210,210),
(29,8,86,'香草千層蛋糕',1,1380,1380),
(30,9,3,'巧克力香蕉布朗尼',1,350,350),
(31,9,34,'抹茶紅豆泡芙',1,520,520),
(32,9,5,'芒果布丁',1,320,320),
(33,9,27,'抹茶白巧克力泡芙',1,550,550),
(34,9,136,'草莓卡士達泡芙',1,520,520),
(35,9,73,'焦糖松露',1,680,680),
(36,10,100,'焦糖杏仁布朗尼',1,680,680),
(37,10,169,'焦糖杏仁泡芙',1,580,580),
(38,10,45,'芒果布丁',1,550,550),
(39,10,185,'紅絲絨千層蛋糕',1,450,450),
(40,10,59,'榴槤泡芙',1,680,680),
(41,11,142,'香草藍莓布丁',1,590,590),
(42,11,111,'檸檬蛋糕',1,750,750),
(43,11,178,'抹茶白巧克力塔',1,850,850),
(44,11,198,'香草莓果塔',1,210,210),
(45,11,16,'榴槤千層蛋糕',1,480,480),
(46,12,182,'香草巧克力泡芙',1,550,550),
(47,12,82,'焦糖提拉米蘇',1,980,980),
(48,12,183,'提拉米蘇',1,350,350),
(49,12,126,'香草巧克力泡芙',1,550,550),
(50,13,117,'草莓巧克力塔',1,850,850),
(51,13,107,'焦糖香蕉布丁',1,590,590),
(52,13,157,'香草千層蛋糕',1,1380,1380),
(53,14,14,'草莓白巧克力慕斯',1,410,410),
(54,14,167,'檸檬蛋糕',1,750,750),
(55,14,35,'芒果慕斯蛋糕',1,1280,1280),
(56,14,190,'巧克力草莓塔',1,320,320),
(57,15,195,'紅莓夾心餅乾',1,320,320),
(58,15,184,'巧克力熔岩蛋糕',1,350,350),
(59,15,85,'香蕉肉桂泡芙',1,520,520),
(60,15,2,'抹茶草莓千層蛋糕',1,500,500),
(61,15,171,'巧克力草莓蛋糕',1,1280,1280),
(62,16,36,'黑森林蛋糕',1,980,980),
(63,16,196,'焦糖榛子布丁',1,420,420),
(64,16,84,'櫻花塔',1,920,920),
(65,17,43,'香草千層蛋糕',1,1380,1380),
(66,17,207,'巧克力波士頓派 ',1,450,450),
(67,17,15,'抹茶紅豆蛋糕捲',1,350,350),
(68,17,107,'焦糖香蕉布丁',1,590,590),
(69,18,159,'芒果布丁',1,550,550),
(70,18,48,'焦糖奶油布朗尼',1,680,680),
(71,18,71,'香草藍莓布丁',1,590,590),
(72,18,7,'巧克力香草軟餅乾',1,280,280),
(73,18,78,'焦糖香蕉布朗尼',1,680,680),
(74,19,37,'檸檬塔',1,750,750),
(75,19,78,'焦糖香蕉布朗尼',1,680,680),
(76,19,25,'巧克力草莓塔',1,780,780),
(77,20,15,'抹茶紅豆蛋糕捲',1,350,350),
(78,20,177,'焦糖香蕉布朗尼',1,680,680),
(79,20,9,'焦糖拿鐵布蕾',1,420,420),
(80,20,188,'芒果慕斯塔爾特',1,320,320),
(81,20,207,'巧克力波士頓派 ',1,450,450),
(82,20,77,'巧克力覆盆子泡芙',1,620,620),
(83,21,40,'焦糖香蕉布朗尼',1,680,680),
(84,21,51,'藍莓慕斯蛋糕',1,1180,1180),
(85,21,84,'櫻花塔',1,920,920),
(86,22,27,'抹茶白巧克力泡芙',1,550,550),
(87,22,42,'蘋果肉桂泡芙',1,520,520),
(88,22,220,'法式經典瑪德蓮禮盒',1,570,570),
(89,22,111,'檸檬蛋糕',1,750,750),
(90,23,193,'草莓白巧克力慕斯',1,420,420),
(91,23,120,'巧克力覆盆子泡芙',1,620,620),
(92,23,151,'藍莓卡士達泡芙',1,520,520),
(93,23,97,'芒果塔',1,780,780),
(94,23,196,'焦糖榛子布丁',1,420,420),
(95,24,34,'抹茶紅豆泡芙',1,520,520),
(96,24,111,'檸檬蛋糕',1,750,750),
(97,24,98,'黑白巧克力泡芙',1,550,550),
(98,24,212,'達克瓦茲禮盒(巧克力口味)',1,435,435),
(99,24,78,'焦糖香蕉布朗尼',1,680,680),
(100,25,134,'焦糖奶油布朗尼',1,680,680),
(101,25,94,'藍莓慕斯蛋糕',1,1180,1180),
(102,25,87,'巧克力杏仁塔',1,780,780),
(103,26,138,'焦糖拿鐵布朗尼',1,680,680),
(104,26,53,'抹茶紅豆蛋糕',1,1080,1080),
(105,26,54,'芒果塔',1,780,780),
(106,27,32,'藍莓乳酪蛋糕',1,1080,1080),
(107,27,47,'草莓巧克力泡芙',1,620,620),
(108,27,202,'櫻花杏仁蛋糕捲',1,350,350),
(109,27,202,'櫻花杏仁蛋糕捲',1,350,350),
(110,28,97,'芒果塔',1,780,780),
(111,28,59,'榴槤泡芙',1,680,680),
(112,28,210,'大溪地香草蘭姆可麗露',1,400,400),
(113,28,97,'芒果塔',1,780,780),
(114,29,52,'焦糖拿鐵布朗尼',1,680,680),
(115,29,30,'巧克力花園塔',1,920,920),
(116,29,64,'焦糖香蕉布丁',1,590,590),
(117,30,126,'香草巧克力泡芙',1,550,550),
(118,30,91,'焦糖奶油布朗尼',1,680,680),
(119,30,174,'檸檬乳酪蛋糕',1,980,980),
(120,30,183,'提拉米蘇',1,350,350),
(121,31,104,'巧克力焦糖塔',1,850,850),
(122,31,65,'抹茶巧克力泡芙',1,620,620),
(123,31,18,'焦糖海鹽巧克力',1,360,360),
(124,31,44,'巧克力杏仁塔',1,780,780),
(125,32,132,'提拉米蘇',1,980,980),
(126,32,26,'紅莓乳酪蛋糕',1,980,980),
(127,32,167,'檸檬蛋糕',1,750,750),
(128,33,84,'櫻花塔',1,920,920),
(129,33,32,'藍莓乳酪蛋糕',1,1080,1080),
(130,33,160,'提拉米蘇',1,980,980),
(131,34,4,'紅豆綠茶雪花冰',1,380,380),
(132,34,152,'葡萄乳酪蛋糕',1,1080,1080),
(133,34,126,'香草巧克力泡芙',1,550,550),
(134,34,2,'抹茶草莓千層蛋糕',1,500,500),
(135,34,103,'香草布丁',1,480,480),
(136,35,119,'香草擠花慕斯蛋糕',1,1380,1380),
(137,35,95,'焦糖拿鐵布朗尼',1,680,680),
(138,35,182,'香草巧克力泡芙',1,550,550),
(139,35,21,'檸檬起司蛋糕',1,380,380),
(140,36,26,'紅莓乳酪蛋糕',1,980,980),
(141,36,130,'巧克力杏仁塔',1,780,780),
(142,36,87,'巧克力杏仁塔',1,780,780),
(143,37,210,'大溪地香草蘭姆可麗露',1,400,400),
(144,37,116,'焦糖松露',1,680,680),
(145,37,214,'達克瓦茲禮盒(巧克力口味)',1,435,435),
(146,37,102,'榴槤泡芙',1,680,680),
(147,38,196,'焦糖榛子布丁',1,420,420),
(148,38,134,'焦糖奶油布朗尼',1,680,680),
(149,38,60,'香草布丁',1,480,480),
(150,38,135,'抹茶白巧克力塔',1,850,850),
(151,39,27,'抹茶白巧克力泡芙',1,550,550),
(152,39,134,'焦糖奶油布朗尼',1,680,680),
(153,39,46,'提拉米蘇',1,980,980),
(154,39,21,'檸檬起司蛋糕',1,380,380),
(155,40,174,'檸檬乳酪蛋糕',1,980,980),
(156,40,12,'覆盆子芝士塔',1,380,380),
(157,40,118,'檸檬乳酪蛋糕',1,980,980),
(158,40,170,'香草藍莓布丁',1,590,590),
(159,41,14,'草莓白巧克力慕斯',1,410,410),
(160,41,135,'抹茶白巧克力塔',1,850,850),
(161,41,154,'香草巧克力泡芙',1,550,550),
(162,41,199,'巧克力杏仁酥脆球',1,320,320),
(163,41,150,'抹茶白巧克力塔',1,850,850),
(164,42,173,'草莓巧克力塔',1,850,850),
(165,42,7,'巧克力香草軟餅乾',1,280,280),
(166,42,177,'焦糖香蕉布朗尼',1,680,680),
(167,42,172,'焦糖松露',1,680,680),
(168,43,172,'焦糖松露',1,680,680),
(169,43,28,'焦糖海鹽布朗尼',1,680,680),
(170,43,219,'鐵觀音提拉米蘇',1,860,860),
(171,43,167,'檸檬蛋糕',1,750,750),
(172,44,3,'巧克力香蕉布朗尼',1,350,350),
(173,44,77,'巧克力覆盆子泡芙',1,620,620),
(174,44,177,'焦糖香蕉布朗尼',1,680,680),
(175,44,21,'檸檬起司蛋糕',1,380,380),
(176,45,77,'巧克力覆盆子泡芙',1,620,620),
(177,45,130,'巧克力杏仁塔',1,780,780),
(178,45,70,'焦糖杏仁泡芙',1,580,580),
(179,45,74,'草莓巧克力塔',1,850,850),
(180,46,74,'草莓巧克力塔',1,850,850),
(181,46,130,'巧克力杏仁塔',1,780,780),
(182,46,156,'香蕉肉桂泡芙',1,520,520),
(183,46,139,'檸檬蛋糕',1,750,750),
(184,47,169,'焦糖杏仁泡芙',1,580,580),
(185,47,24,'焙茶芋泥布丁蛋糕',1,1280,1280),
(186,47,111,'檸檬蛋糕',1,750,750),
(187,48,178,'抹茶白巧克力塔',1,850,850),
(188,48,149,'焦糖香蕉布丹尼',1,680,680),
(189,48,150,'抹茶白巧克力塔',1,850,850),
(190,48,169,'焦糖杏仁泡芙',1,580,580),
(191,49,14,'草莓白巧克力慕斯',1,410,410),
(192,49,47,'草莓巧克力泡芙',1,620,620),
(193,49,79,'抹茶白巧克力塔',1,850,850),
(194,50,30,'巧克力花園塔',1,920,920),
(195,50,44,'巧克力杏仁塔',1,780,780),
(196,50,132,'提拉米蘇',1,980,980)
SET IDENTITY_INSERT [dbo].[DessertOrderDetails]OFF
GO